GERMAN,ENGLISH
ich ,I 
sie ,she 
das ,the 
ist ,is 
du ,you 
nicht ,not 
die ,the 
es ,it 
und ,and 
der ,the 
wir ,we 
was ,What 
zu ,to 
er ,he 
ein ,a 
in ,in 
ja ,Yes 
mir ,me 
mit ,with 
wie ,How 
den ,the 
mich ,me 
auf ,on 
dass ,that 
aber ,but 
eine ,one 
so ,so 
hat ,has 
hier ,here 
haben ,have 
für ,for 
sind ,are 
war ,was 
von ,from 
wenn ,if 
dich ,you 
ihr ,her 
nein ,no 
habe ,have 
an ,to 
bin ,am 
noch ,still 
nur ,only 
da ,there 
dir ,you 
sich ,itself 
einen ,a 
uns ,us 
hast ,have 
dem ,dem 
kann ,can 
gut ,good 
auch ,also 
schon ,already 
als ,as 
sein ,be 
mal ,just 
jetzt ,now 
ihn ,him 
dann ,then 
aus ,out of 
meine ,mine 
um ,around 
im ,in the 
wird ,becomes 
mein ,my 
bist ,are 
doch ,but 
alles ,everything 
weiß ,white 
keine ,no 
oder ,or 
nach ,after 
nichts ,nothing 
man ,man 
muss ,must 
werden ,become 
will ,wants 
ihnen ,them 
geht ,goes 
wo ,where 
etwas ,something 
oh ,Oh 
mehr ,more 
bei ,at 
also ,so 
bitte ,please 
immer ,always 
hab ,have 
warum ,Why 
vor ,before 
los ,go 
können ,can 
wieder ,again 
sagen ,say 
machen ,make 
danke ,Thanks 
sehr ,very 
alle ,all 
denn ,because 
mann ,man 
tun ,do 
ihm ,him 
zum ,for the 
gehen ,go 
sehen ,see 
vielleicht ,perhaps 
einem ,one 
wer ,who 
ihre ,her 
diese ,this 
euch ,you 
einer ,one 
komm ,come 
über ,above 
gibt ,gives 
okay ,OK 
wissen ,knowledge 
deine ,your 
müssen ,must 
soll ,should 
werde ,become 
nie ,never 
wirklich ,really 
hey ,hey 
kein ,no 
viel ,much 
weg ,away 
würde ,would 
tut ,does 
am ,on 
des ,des 
einfach ,simply 
leben ,life 
hatte ,had 
zeit ,time 
weil ,because 
willst ,want 
kommen ,come 
dein ,your 
heute ,today 
kommt ,comes 
wollen ,want 
damit ,with it 
ganz ,quite 
wäre ,were 
wollte ,wanted 
weißt ,know 
ok ,OK 
sicher ,secure 
gesagt ,said 
frau ,woman 
nun ,so 
bis ,until 
wurde ,became 
leid ,sorrow 
kannst ,can 
macht ,might 
dieser ,this 
zurück ,back 
lassen ,let 
hallo ,Hello 
meinen ,mean 
gott ,God 
seine ,his 
hätte ,would have 
zwei ,two 
könnte ,could 
genau ,Exactly 
waren ,were 
zur ,to 
lass ,let 
klar ,clear 
morgen ,morning 
leute ,people 
vater ,father 
schön ,nice 
glaube ,believe 
mr. ,mr. 
ab ,away 
gerade ,straight 
tag ,day 
gesehen ,seen 
reden ,talk 
wohl ,probably 
liebe ,love 
sollte ,should 
sagte ,said 
unsere ,our 
jemand ,someone 
geld ,money 
durch ,through 
ob ,whether 
keinen ,none 
mutter ,mother 
raus ,out 
gemacht ,made 
paar ,couple 
mach ,do 
passiert ,happened 
dachte ,thought 
besser ,better 
musst ,must 
wieso ,how come 
dieses ,this 
selbst ,himself 
gehört ,heard 
möchte ,want 
hör ,listen 
her ,here 
sag ,say 
meiner ,mine 
anderen ,others 
helfen ,help 
nacht ,night 
finden ,find 
diesen ,this one 
gute ,good 
wirst ,will 
lange ,long 
natürlich ,naturally 
meinem ,mine 
gar ,even 
ins ,into the 
sei ,be 
dort ,there 
weiter ,further 
geben ,give 
seit ,since 
gleich ,even 
sagt ,says 
recht ,right 
ihren ,your 
richtig ,correct 
ordnung ,order 
vom ,from the 
hören ,hear 
sieht ,sees 
davon ,of that 
dafür ,for that 
geh ,go 
diesem ,this one 
wegen ,because of 
hause ,home 
sollten ,should 
mädchen ,girl 
hin ,there 
sollen ,should 
abend ,evening 
haus ,a house 
denke ,think 
viele ,many 
drei ,three 
deinen ,yours 
freund ,friend 
guten ,good 
unser ,our 
warte ,wait 
machst ,do 
menschen ,people 
essen ,eat 
angst ,fear 
bleiben ,remain 
zusammen ,together 
welt ,world 
unter ,under 
habt ,have 
schnell ,fast 
andere ,other 
tot ,dead 
getan ,did 
darf ,may 
erst ,first 
rein ,pure 
stimmt ,true 
nehmen ,take 
kinder ,children 
eines ,one 
glauben ,believe 
bringen ,bring 
ganze ,whole 
genug ,enough 
scheiße ,shit 
brauchen ,need 
gegen ,against 
moment ,moment 
junge ,boy 
steht ,stands 
sonst ,otherwise 
musik ,music 
arbeit ,work 
seid ,are 
ihrer ,theirs 
fragen ,questions 
herr ,Mr 
dabei ,included 
heißt ,is called 
familie ,family 
warten ,wait 
niemand ,no one 
sofort ,immediately 
bevor ,before 
jahre ,years 
einmal ,once 
problem ,problem 
sohn ,son 
wann ,When 
brauche ,need 
fertig ,complete 
halt ,stop 
allein ,alone 
beim ,at the 
beide ,both 
gefunden ,found 
hatten ,had 
sache ,matter 
hilfe ,help 
verdammt ,damned 
ne ,no 
jeder ,everyone 
warst ,were 
gern ,gladly 
konnte ,could 
darüber ,about it 
halten ,hold 
siehst ,see 
verstehe ,understand 
jahren ,years 
kam ,came 
kind ,child 
wusste ,knew 
wahr ,true 
seinen ,his 
dazu ,in addition 
bruder ,brother 
daran ,to it 
ihrem ,theirs 
denken ,think 
könnten ,could 
dank ,thanks to 
würden ,would 
lieber ,Dear 
fall ,case 
deiner ,yours 
sehe ,see 
egal ,doesn't matter 
kennen ,know 
deinem ,yours 
vergessen ,forget 
frage ,ask 
mache ,make 
komme ,come 
sage ,saw 
mag ,likes 
sieh ,see 
echt ,real 
gib ,give 
eigentlich ,actually 
jeden ,every 
dad ,dad 
gab ,gave 
uhr ,clock 
stadt ,city 
männer ,men 
baby ,baby 
fahren ,drive 
namen ,names 
bekommen ,receive 
kopf ,head 
gehe ,go 
kleine ,small 
später ,later 
glück ,happiness 
letzte ,last 
freunde ,friends 
all ,all 
darauf ,on it 
ende ,end 
bald ,soon 
töten ,kill 
dinge ,things 
meinst ,mean 
toll ,great 
eins ,one 
minuten ,minutes 
vielen ,many 
bereit ,ready 
weit ,far 
ahnung ,idea 
seiner ,his 
bisschen ,a little 
tür ,door 
auto ,car 
jungs ,guys 
eure ,your 
augen ,eyes 
polizei ,police 
stehen ,stand 
sterben ,die 
hätten ,would have 
draußen ,outside 
kenne ,know 
fast ,almost 
runter ,down 
vorbei ,over 
treffen ,meet 
gerne ,gladly 
dran ,your turn 
wurden ,became 
arbeiten ,work 
mom ,mom 
verrückt ,crazy 
neue ,new 
ging ,went 
hinter ,behind 
sorgen ,care for 
einzige ,only 
jemanden ,someone 
darum ,therefore 
tochter ,daughter 
braucht ,needs 
idee ,idea 
schwester ,sister 
drin ,inside 
ruhig ,quiet 
sah ,saw 
ganzen ,entire 
spät ,late 
ziemlich ,quite 
solltest ,should 
name ,name 
sogar ,even 
kurz ,short 
kerl ,guy 
frauen ,women 
suchen ,seek 
finde ,find 
je ,ever 
woher ,from where 
lang ,long 
job ,job 
keiner ,none 
seinem ,his 
hört ,hears 
verstehen ,understand 
spielen ,play 
überhaupt ,at all 
teufel ,devil 
verstanden ,understood 
verloren ,lost 
große ,size 
hand ,hand 
grund ,reason 
jahr ,year 
kommst ,come 
mama ,mama 
ruhe ,quiet 
gewesen ,been 
tod ,death 
stunden ,hours 
hoffe ,hope 
denkst ,think 
oben ,above 
gestern ,yesterday 
versuchen ,attempt 
art ,art 
letzten ,last 
schatz ,treasure 
endlich ,finally 
he ,hey 
nimm ,take 
etwa ,approximately 
erzählt ,told 
läuft ,running 
schwer ,difficult 
anders ,different 
miss ,miss 
fünf ,five 
wasser ,water 
lässt ,lets 
erste ,first 
versucht ,tried 
gekommen ,came 
geschichte ,story 
wenig ,few 
holen ,fetch 
bedeutet ,means 
wahrheit ,truth 
woche ,week 
bringt ,brings 
deshalb ,for this reason 
welche ,which 
bestimmt ,certainly 
hoch ,high 
alter ,age 
sagst ,say 
schau ,look 
ah ,uh 
land ,country 
zimmer ,room 
wagen ,dare 
vier ,four 
gefallen ,fallen 
spaß ,fun 
niemals ,never 
schuld ,fault 
getötet ,killed 
wollten ,wanted 
verlassen ,leave 
zeigen ,show 
beste ,best 
ernst ,serious 
unserer ,ours 
denen ,those 
ort ,location 
bleibt ,remains 
würdest ,would 
manchmal ,sometimes 
glaubst ,believe 
seite ,page 
lasst ,let 
zwischen ,between 
eben ,even 
während ,while 
spiel ,game 
nehme ,take 
ersten ,first 
guter ,goods 
chance ,chance 
freundin ,girlfriend 
krieg ,war 
gefällt ,pleases 
kleinen ,small 
erzählen ,tell 
anderes ,other 
tage ,days 
entschuldigen ,excuse 
wichtig ,important 
gehst ,go 
allen ,everyone 
bett ,bed 
mrs. ,mrs. 
sachen ,things 
the ,the 
schlecht ,bad 
schule ,school 
entschuldigung ,excuse 
wort ,word 
john ,John 
hättest ,would have 
wären ,would be 
typ ,type 
schlafen ,sleep 
äh ,uh 
tu ,do 
euer ,your 
captain ,captain 
gesicht ,face 
falls ,if 
neuen ,new 
bloß ,just 
unten ,below 
beiden ,both 
mensch ,person 
kleiner ,smaller 
stellen ,place 
oft ,often 
sorge ,worries 
gedacht ,thought 
tust ,do 
trinken ,drink 
einige ,some 
dies ,this 
ding ,thing 
unseren ,ours 
blut ,blood 
ehrlich ,honest 
eltern ,parents 
scheint ,appears 
herz ,heart 
jack ,Jack 
glücklich ,happy 
alte ,old ones 
alt ,old 
bleib ,stay 
wiedersehen ,see you again 
frei ,free 
wen ,who 
drauf ,on it 
möglich ,possible 
irgendwie ,somehow 
reicht ,suffices 
fest ,firmly 
besten ,best 
waffe ,weapon 
kaum ,barely 
irgendwas ,something 
klingt ,sounds 
platz ,place 
brauchst ,need 
rede ,speech 
papa ,papa 
falsch ,incorrect 
sondern ,rather 
alten ,old 
nummer ,number 
früher ,earlier 
jungen ,boys 
wohin ,where 
außer ,except 
früh ,early 
setzen ,set 
zuerst ,first 
wahrscheinlich ,probably 
dürfen ,may 
jede ,every 
arsch ,ass 
telefon ,phone 
tue ,do 
kennst ,know 
willkommen ,welcome 
plan ,plan 
großen ,big 
retten ,save 
hierher ,here 
wär ,would be 
bring ,bring 
fehler ,mistake 
wollt ,wanted 
dollar ,dollar 
zehn ,ten 
allem ,everything 
pass ,passport 
nächste ,next 
stunde ,hour 
hände ,hands 
gegeben ,given 
menge ,crowd 
langsam ,slow 
bereits ,already 
wartet ,waits 
sechs ,six 
lieben ,love 
meines ,mine 
büro ,office 
nächsten ,next 
gebe ,give 
wochen ,weeks 
ruf ,call 
schaffen ,create 
leider ,unfortunately 
scheiß ,shit 
hölle ,hell 
trotzdem ,despite it 
doktor ,doctor 
tja ,well 
new ,new 
voll ,full 
film ,film 
überall ,everywhere 
hund ,dog 
geworden ,become 
direkt ,direct 
wolltest ,wanted 
tat ,did 
denkt ,thinks 
schiff ,ship 
neues ,new 
wem ,whom 
könig ,king 
danach ,thereafter 
funktioniert ,functions 
hattest ,had 
lernen ,learn 
deswegen ,because of this 
wow ,Wow 
nennen ,to name 
hm ,Hm 
feuer ,fire 
laufen ,run 
alleine ,alone 
erinnern ,remember 
völlig ,fully 
kleines ,small 
könnt ,can 
stelle ,place 
kumpel ,buddy 
verlieren ,lose 
probleme ,problems 
spricht ,speaks 
kaffee ,coffee 
luft ,air 
fand ,found 
i ,i 
entschuldige ,sorry 
ziehen ,pull 
verschwinden ,disappear 
könntest ,could 
seht ,see 
aufhören ,stop 
richtige ,correct 
unserem ,ours 
suche ,search 
zwar ,that is 
groß ,large 
hol ,get 
buch ,book 
krank ,sick 
fühle ,feel 
jedes ,each 
verstehst ,understand 
wert ,value 
arzt ,physician 
froh ,glad 
versuche ,try 
straße ,street 
rufen ,call 
heiraten ,marry 
super ,super 
sam ,Sam 
lebt ,lives 
gutes ,good 
lasse ,let 
onkel ,uncle 
total ,total 
gebracht ,brought 
party ,party 
erklären ,explain 
spielt ,plays 
wahl ,choice 
vertrauen ,trust 
damals ,at that time 
tagen ,meetings 
leicht ,light 
nachdem ,after 
gegangen ,gone 
gefühl ,feeling 
kaufen ,buy 
geschafft ,done 
typen ,types 
interessiert ,interested 
möchten ,want 
halte ,hold 
hält ,holds 
glaub ,believe 
irgendwo ,somewhere 
stück ,piece 
genauso ,just as 
kennt ,knows 
genommen ,taken 
zukunft ,future 
weniger ,fewer 
cool ,cool 
licht ,light 
getroffen ,met 
himmel ,heaven 
nachricht ,news 
drüben ,over 
passt ,fits 
sagten ,said 
kümmern ,take care 
laut ,loud 
vergiss ,forget 
angerufen ,called 
sitzen ,sit 
daß ,that 
erde ,earth 
großer ,big one 
schlüssel ,key 
rest ,rest 
passieren ,happen 
eher ,rather 
gefragt ,asked 
gefängnis ,jail 
opfer ,victim 
körper ,body 
solche ,such 
mist ,crap 
mr ,mr 
findet ,finds 
schreiben ,write 
böse ,evil 
gesprochen ,spoken 
versuch ,attempt 
vorstellen ,introduce 
wovon ,from what 
sobald ,as soon as 
nochmal ,again 
herren ,gentlemen 
sex ,sex 
waffen ,weapons 
wohnung ,apartment 
weh ,sore 
heißen ,be called 
krankenhaus ,hospital 
bringe ,bring 
höre ,listen 
millionen ,million 
klasse ,class 
hart ,hard 
worden ,been 
sinn ,sense 
außerdem ,aside from that 
verletzt ,injured 
ändern ,change 
erfahren ,experience 
tragen ,carry 
wenigstens ,at least 
vorsichtig ,cautious 
daddy ,daddy 
stolz ,proud 
stark ,strong 
fällt ,falls 
möchtest ,would like 
leuten ,people 
besonders ,particularly 
schöne ,beautiful 
schicken ,send 
person ,person 
schätze ,guess 
solange ,as long as 
länger ,longer 
großartig ,great 
lacht ,laughs 
anrufen ,call 
stand ,stood 
redest ,talk 
fühlen ,feel 
erwartet ,expected 
boden ,floor 
boss ,boss 
stimme ,agree 
glaubt ,believes 
still ,silent 
sicherheit ,security 
setz ,put 
ma ,ma 
mund ,mouth 
kämpfen ,battle 
wisst ,know 
lachen ,laugh 
hörst ,hear 
zeug ,things 
lustig ,funny 
umbringen ,kill 
sollst ,should 
hasse ,hate 
schlimm ,terrible 
o ,O 
unglaublich ,incredible 
wärst ,would be 
laden ,load 
führen ,lead 
gestorben ,died 
schauen ,look 
meinung ,opinion 
lesen ,read 
mörder ,murderer 
frank ,frank 
ähm ,um 
geschehen ,happen 
geschäft ,business 
idiot ,idiot 
verzeihung ,forgiveness 
fliegen ,fly 
zeig ,show 
team ,team 
general ,general 
mike ,Mike 
aufs ,ons 
york ,York 
vorher ,previously 
schluss ,ending 
schneller ,faster 
liebt ,loves 
verdient ,earned 
mögen ,like 
meisten ,most 
denk ,think 
umgebracht ,killed 
perfekt ,perfect 
versprochen ,promised 
handy ,cell phone 
hinten ,rear 
monate ,months 
erinnere ,remember 
acht ,eight 
arbeitet ,works 
fallen ,fall 
rufe ,shout 
nötig ,necessary 
a ,a 
mord ,murder 
heraus ,out of here 
tages ,day 
unmöglich ,impossible 
liebling ,darling 
charlie ,charlie 
tatsächlich ,actually 
folgen ,consequences 
bitten ,ask 
behalten ,keep 
nähe ,vicinity 
arbeite ,work 
joe ,joe 
verdammte ,damn 
plötzlich ,suddenly 
lebens ,life 
hole ,fetch 
tisch ,table 
michael ,Michael 
hörte ,heard 
jemals ,ever 
liegen ,lay 
verkaufen ,sell 
gefährlich ,dangerous 
anfangen ,begin 
bekommt ,receives 
machte ,made 
ha ,Ha 
hotel ,hotel 
hilft ,helps 
werdet ,will 
meister ,master 
kampf ,battle 
antwort ,answer 
konnten ,could 
geschickt ,sent 
jedem ,everyone 
obwohl ,although 
sieben ,seven 
komisch ,funny 
gewinnen ,win 
ihres ,hers 
bezahlt ,paid 
you ,you 
voller ,fuller 
unterwegs ,on the way 
dumm ,dumb 
ärger ,aggravation 
bild ,picture 
george ,george 
neu ,new 
bezahlen ,pay 
dagegen ,against it 
seien ,be 
starb ,died 
tom ,tom 
monaten ,months 
leiche ,corpse 
niemanden ,nobody 
auge ,eye 
arschloch ,asshole 
verheiratet ,married 
peter ,Peter 
zieh ,pull 
nimmt ,takes 
gerettet ,saved 
agent ,agent 
traum ,dream 
entscheidung ,decision 
schlimmer ,worse 
regeln ,regulate 
fenster ,window 
fangen ,catch 
fort ,continued 
ständig ,constant 
gefahr ,danger 
absolut ,absolutely 
mary ,mary 
augenblick ,moment 
bescheid ,notice 
rum ,rum 
gedanken ,thoughts 
werd ,will 
ziel ,goal 
benutzt ,used 
bewegung ,movement 
jemandem ,someone 
wünschte ,wished 
worte ,words 
kamen ,came 
welcher ,which 
zahlen ,pay 
anfang ,beginning 
legen ,place 
erinnerst ,remember 
anwalt ,attorney 
fahr ,drive 
sitzt ,sits 
hilf ,help 
offen ,open 
schönen ,beautiful 
monsieur ,monsieur 
müsste ,would have to 
arme ,poor 
bier ,beer 
fürs ,for 
partner ,partner 
klein ,small 
david ,David 
klappe ,flap 
süß ,sweet 
herum ,around 
finger ,finger 
ehe ,before 
rolle ,role 
ließ ,let 
gleiche ,same 
monat ,month 
hochzeit ,wedding 
max ,max 
führt ,leads 
paris ,Paris 
wach ,awake 
wozu ,for what reason 
arm ,arm 
geschrieben ,written 
benutzen ,use 
informationen ,information 
erledigt ,completed 
hoffentlich ,hopefully 
müsst ,must 
fühlt ,feels 
tanzen ,dance 
ansehen ,view 
darfst ,may 
zuhause ,at home 
wunderbar ,wonderful 
hältst ,hold 
gewonnen ,won 
dame ,lady 
irgendwann ,sometime 
chffffff ,chffffff 
alex ,alex 
steckt ,stuck 
jedenfalls ,anyway 
schreit ,screams 
tolle ,great 
rüber ,over 
tschüss ,bye 
nennt ,calls 
raum ,space 
heiß ,hot 
foto ,photo 
kalt ,cold 
paul ,paul 
irgendetwas ,anything 
weile ,while 
bisher ,until now 
minute ,minute 
unbedingt ,absolutely 
zug ,train 
sekunden ,seconds 
wofür ,for what 
erzähl ,tell 
nen ,nen 
beweise ,proofs 
nahm ,took 
aller ,all 
freut ,happy 
seele ,soul 
schießen ,shoot 
müde ,tired 
dauert ,lasts 
magst ,like 
harry ,Harry 
brief ,letter 
gelernt ,learned 
sucht ,seeks 
bekannt ,known 
weitere ,more 
unfall ,accident 
dahin ,there 
kontrolle ,control 
beispiel ,example 
lady ,lady 
dasselbe ,same 
herzen ,hearts 
schlagen ,hit 
wütend ,angry 
weise ,way 
damen ,ladies 
darin ,in it 
gottes ,God 
holt ,fetch 
fehlt ,missing 
vorsicht ,caution 
heiße ,hot 
beweisen ,prove 
gehabt ,had 
zumindest ,at least 
vermisst ,missing 
hübsch ,pretty 
kriegt ,gets 
verbindung ,connection 
tief ,deep 
richtung ,direction 
lage ,location 
sowieso ,anyway 
kraft ,power 
normal ,normal 
lauf ,run 
ehre ,honor 
stell ,put 
geschenk ,gift 
bar ,bear 
tasche ,bag 
gelesen ,read 
gekauft ,bought 
wussten ,knew 
gestohlen ,stolen 
hunger ,hunger 
leg ,leg 
lügen ,lie 
beziehung ,relationship 
ben ,ben 
verschwunden ,disappeared 
steh ,stand 
nächstes ,next 
gearbeitet ,worked 
preis ,price 
witz ,joke 
meinte ,said 
liste ,list 
geist ,spirit 
neben ,next to 
gesucht ,wanted 
firma ,company 
süße ,sweetness 
rücken ,back 
schrecklich ,terrible 
letzter ,last 
verliebt ,in love 
öffnen ,open 
redet ,talks 
boot ,boat 
seltsam ,strange 
versteckt ,hidden 
fürchte ,fear 
verschwinde ,disappear 
erwischt ,caught 
verkauft ,sold 
erwarten ,expect 
pferd ,horse 
wunder ,wonder 
sauer ,sour 
vermutlich ,allegedly 
näher ,closer 
jung ,young 
majestät ,majesty 
aussehen ,look 
ans ,ans 
de ,de 
and ,and 
links ,left 
großes ,big 
welches ,which 
beschützen ,protect 
geboren ,born 
erreichen ,to reach 
punkt ,point 
kindern ,children 
kirche ,church 
verraten ,betrayed 
selber ,himself 
befehl ,command 
colonel ,colonel 
fährt ,drives 
zieht ,pulls 
geburtstag ,birthday 
haut ,skin 
wette ,bet 
reich ,rich 
sekunde ,second 
fahre ,drive 
schwöre ,swear 
geredet ,talked 
james ,james 
madame ,madame 
eigene ,own 
zeiten ,times 
traurig ,sad 
anruf ,call 
nachrichten ,news 
frieden ,peace 
karte ,map 
güte ,quality 
euren ,yours 
diesmal ,this time 
schade ,too bad 
persönlich ,personal 
kriege ,get 
stirbt ,dies 
bleibe ,stay 
verändert ,changed 
sonne ,sun 
lieb ,dear 
nämlich ,namely 
letztes ,last 
bekam ,got 
ruft ,calls 
professor ,professor 
gericht ,court 
nase ,nose 
ewig ,forever 
singen ,sing 
bank ,bank 
beschäftigt ,busy 
computer ,computer 
yeah ,yeah 
toten ,kill 
weihnachten ,Christmas 
offensichtlich ,apparently 
naja ,Oh well 
henry ,henry 
gefühle ,feelings 
fuß ,foot 
show ,show 
überraschung ,surprise 
geheimnis ,secret 
fbi ,fbi 
kontakt ,contact 
gold ,gold 
drogen ,drugs 
regierung ,government 
wein ,wine 
kriegst ,you get 
ermordet ,murdered 
fotos ,photos 
entfernt ,removed 
geschlafen ,slept 
erledigen ,complete 
ran ,ran 
gegenüber ,opposite 
schlaf ,sleep 
lust ,desire 
wunderschön ,beautiful 
witzig ,funny 
nick ,nick 
zerstört ,destroyed 
übrigens ,by the way 
willen ,will 
heim ,home 
richtigen ,correct 
deines ,yours 
namens ,called 
zeigt ,shows 
geliebt ,loved 
gehören ,belong 
brachte ,brought 
herrn ,mr 
blick ,view 
besuch ,visit 
schlechte ,bad 
bewegen ,move 
haare ,hair 
antworten ,answer 
präsident ,president 
sagtest ,you said 
hoffnung ,hope 
stecken ,put 
lebe ,live 
rechts ,right 
interessant ,interesting 
entscheiden ,decide 
miteinander ,each other 
meint ,means 
liebst ,love 
indem ,by 
bleibst ,stay 
kümmere ,take care 
wohnen ,reside 
weder ,neither 
möglichkeit ,possibility 
kaputt ,broken 
bekomme ,get 
flugzeug ,airplane 
vergangenheit ,past 
anderer ,others 
zweite ,second 
armee ,army 
jim ,jim 
tee ,tea 
entweder ,either 
weiss ,white 
don ,Don 
detective ,detective 
aufhalten ,stop 
stellt ,provides 
verspreche ,promise 
überrascht ,surprised 
sauber ,clean 
hau ,hew 
mark ,mark 
schlag ,hit 
sheriff ,sheriff 
untertitel ,subtitles 
setzt ,sets 
frag ,ask 
vaters ,father 
nervös ,nervous 
gesellschaft ,company 
verstecken ,hide 
schuldig ,guilty 
hals ,neck 
schützen ,protect 
besuchen ,visit 
of ,of 
passen ,fit 
überleben ,survive 
erhalten ,receive 
teilen ,split 
gebäude ,building 
schicksal ,fate 
zeichen ,sign 
richter ,judge 
besorgt ,worried 
küche ,kitchen 
lief ,ran 
vergnügen ,enjoyment 
wüsste ,knew 
volk ,people 
lhr ,yours 
herausfinden ,find out 
königin ,queen 
soldaten ,soldiers 
feiern ,celebrate 
situation ,situation 
lag ,lay 
gelassen ,calm 
allerdings ,however 
soweit ,so far 
gefahren ,driven 
verstand ,mind 
bord ,board 
schönes ,beautiful 
jimmy ,Jimmy 
billy ,billy 
angefangen ,begun 
lee ,lee 
fühlst ,feel 
bob ,bob 
mussten ,had to 
rat ,advice 
worauf ,what 
gebeten ,requested 
tony ,tony 
kamera ,camera 
achtung ,danger 
lieutenant ,lieutenant 
ganzes ,whole 
schuhe ,shoes 
sarah ,sarah 
niemandem ,nobody 
gibst ,give 
statt ,instead of 
übernehmen ,take over 
gegend ,area 
wald ,forest 
al ,al 
la ,la 
nimmst ,take 
danny ,Danny 
erkennen ,recognize 
glas ,glass 
falsche ,wrong 
verantwortlich ,responsible 
jesus ,Jesus 
stöhnt ,moans 
herein ,in 
kleid ,a dress 
zerstören ,destroy 
jawohl ,yes indeed 
london ,London 
gegessen ,eaten 
abendessen ,dinner 
gesetz ,law 
gemeinsam ,together 
geholfen ,helped 
erster ,first 
wohnt ,lives 
schritt ,step 
guck ,look 
nahe ,vicinity 
aussieht ,looks 
beginnen ,start 
dachten ,thought 
band ,band 
ungefähr ,approximately 
aufgabe ,task 
neun ,nine 
furchtbar ,terrible 
drinnen ,inside 
zuvor ,before 
charles ,Charles 
freue ,am happy 
amerika ,America 
übrig ,left over 
spur ,track 
falschen ,wrong 
sergeant ,sergeant 
melden ,report 
helfe ,help 
werfen ,throw 
bill ,bill 
haltet ,hold 
erinnert ,remembered 
hängt ,hangs 
freude ,joy 
ehemann ,husband 
erschossen ,shot 
verzeihen ,pardon 
schwein ,pig 
uh ,uh 
monster ,monster 
entschieden ,decided 
mission ,mission 
verdammten ,damn 
brauch ,need 
gewusst ,known 
vorne ,in front 
stopp ,stop 
übel ,bad 
schlampe ,slut 
schöner ,more beautiful 
adresse ,address 
unsinn ,nonsense 
messer ,knife 
gesund ,healthy 
respekt ,respect 
pro ,per 
leisten ,afford 
davor ,before that 
richard ,richard 
bedeuten ,mean 
ball ,ball 
mitnehmen ,take along 
gespielt ,played 
to ,to 
schwierigkeiten ,difficulties 
hälfte ,half 
kannte ,knew 
stehe ,stand 
maria ,Maria 
planeten ,planets 
schwanger ,pregnant 
gruppe ,group 
anna ,anna 
verhaftet ,arrested 
deal ,deal 
seines ,his 
irgendwelche ,any 
händen ,hands 
versteht ,understands 
drehen ,turn 
eis ,ice 
danken ,thank 
erfolg ,success 
zufrieden ,satisfied 
schließen ,close 
besorgen ,obtain 
wochenende ,weekend 
worüber ,about what 
stimmen ,voices 
nehmt ,take 
martin ,martin 
m ,m 
witze ,jokes 
beine ,legs 
verbrechen ,crime 
bericht ,report 
nachts ,at night 
eurer ,yours 
prinzessin ,princess 
schmerz ,pain 
klingelt ,rings 
position ,position 
echte ,real 
gleichen ,same 
fernsehen ,TV 
wünsche ,wishes 
schließlich ,finally 
gefangen ,caught 
schätzchen ,baby 
seh ,see 
schwierig ,difficult 
angebot ,offer 
nah ,close 
jane ,Jane 
gewartet ,waited 
kümmert ,cares 
ring ,ring 
rennen ,run 
lied ,song 
eier ,eggs 
welchen ,which ones 
sorry ,sorry 
fantastisch ,fantastic 
schaut ,looks 
hielt ,held 
falle ,fall 
drink ,drink 
insel ,island 
dauern ,last 
daher ,therefore 
zufällig ,randomly 
dorf ,village 
clark ,clark 
bewegt ,moved 
mitten ,middle 
bullen ,bulls 
feind ,enemy 
einverstanden ,agreed 
neuer ,newer 
bauen ,build 
trägt ,carries 
hängen ,hang 
freunden ,friends 
deren ,whose 
halb ,half 
verpasst ,missed 
sprach ,spoke 
leise ,quiet 
armen ,poor 
wusstest ,you knew 
fanden ,found 
unternehmen ,company 
träume ,dreams 
schläft ,sleeps 
kostet ,costs 
spiele ,games 
unseres ,ours 
entlang ,along 
johnny ,Johnny 
versprechen ,promise 
tiere ,animals 
freiheit ,freedom 
verdienen ,earn 
aha ,Aha 
unterhalten ,entertain 
eingeladen ,invited 
schaden ,damage 
genannt ,called 
beenden ,finish 
ray ,ray 
geändert ,changed 
thomas ,thomas 
lächerlich ,ridiculous 
geschlagen ,beaten 
park ,park 
schätzen ,treasure 
männern ,men 
t ,t 
beginnt ,begins 
ehren ,honor 
größte ,largest 
energie ,energy 
fleisch ,meat 
besonderes ,special 
besteht ,consists 
reichen ,are sufficient 
robert ,Robert 
zeitung ,newspaper 
worum ,what about 
nachgedacht ,thought about 
betrunken ,drunk 
sowas ,like this 
patienten ,patients 
gespräch ,conversation 
leiden ,suffer 
taxi ,taxi 
tötet ,kills 
see ,lake 
unterschied ,difference 
wind ,wind 
singt ,sings 
schreien ,scream 
daniel ,Daniel 
sahen ,saw 
wand ,wall 
bus ,bus 
lhre ,yours 
angriff ,attack 
verhalten ,behave 
loch ,hole 
interesse ,interest 
treten ,step 
quatsch ,nonsense 
trifft ,hits 
polizist ,policeman 
blumen ,flowers 
neuigkeiten ,news 
bringst ,bring 
flasche ,bottle 
rief ,shouted 
schuss ,shot 
fassen ,grasp 
meer ,sea 
konntest ,could 
schafft ,creates 
maschine ,machine 
spreche ,speak 
bein ,leg 
eddie ,Eddie 
bekommst ,get 
verbringen ,spend 
bücher ,books 
blöd ,stupid 
frühstück ,breakfast 
tommy ,tommy 
meter ,meter 
bilder ,pictures 
aufpassen ,watch out 
claire ,Claire 
dessen ,whose 
muß ,must 
freuen ,be happy 
engel ,angel 
offenbar ,apparently 
gelegenheit ,opportunity 
fang ,catch 
lüge ,lie 
ohren ,ears 
au ,ouch 
angetan ,impressed 
beeil ,hurry up 
brechen ,break 
brüder ,brothers 
zeitpunkt ,time 
ecke ,corner 
brücke ,bridge 
druck ,pressure 
mitgebracht ,brought along 
seufzt ,sighs 
date ,date 
haufen ,heap 
oma ,granny 
auftrag ,order 
leer ,empty 
entkommen ,escape 
bobby ,Bobby 
weißen ,white 
lösung ,solution 
wart ,wait 
pause ,pause 
irre ,crazy 
gestellt ,placed 
keller ,cellar 
gebrochen ,broken 
weinen ,cry 
nutzen ,to use 
wünschen ,wish 
fragt ,asks 
maul ,mouth 
verantwortung ,responsibility 
schloss ,lock 
hut ,hat 
lächeln ,smile 
ryan ,ryan 
red ,red 
grad ,degree 
zweiten ,second 
hinaus ,out 
mitkommen ,come along 
vorhin ,earlier 
fahrt ,drive 
gemeint ,meant 
ernsthaft ,seriously 
gebaut ,built 
bombe ,bomb 
hasst ,hates 
versteh ,understand 
kosten ,cost 
zeige ,show 
traf ,met 
eigenes ,own 
haar ,hair 
fragte ,asked 
jason ,jason 
operation ,operation 
befehle ,commands 
schmerzen ,pains 
erklärt ,explained 
steve ,Steve 
dach ,roof 
folge ,consequence 
gelaufen ,ran 
schwarze ,black 
dankbar ,thankful 
gehirn ,brain 
töte ,kill 
mädels ,girls 
mut ,courage 
heilige ,holy 
laura ,laura 
tier ,animal 
system ,system 
mannes ,man 
wahnsinn ,craziness 
nee ,nope 
rose ,rose 
club ,club 
geschlossen ,closed 
hintern ,butt 
is ,is 
thema ,theme 
fiel ,fell 
gehalten ,held 
dorthin ,there 
urlaub ,vacation 
steig ,rise 
vorwärts ,forward 
überprüfen ,check 
besseres ,better 
beweis ,proof 
baum ,tree 
gebt ,give 
funktionieren ,function 
anscheinend ,apparently 
lehrer ,teacher 
hoffen ,hope 
bessere ,better 
isst ,eats 
nachmittag ,afternoon 
nem ,nem 
risiko ,risk 
chuck ,chuck 
knast ,prison 
entschuldigt ,sorry 
held ,hero 
daraus ,from it 
erstes ,first 
fräulein ,miss 
rachel ,Rachel 
prima ,great 
brauchte ,needed 
gewalt ,force 
dean ,dean 
liebes ,Dear 
schaffst ,create 
nachdenken ,ponder 
tor ,goal 
erfahrung ,experience 
pläne ,plans 
jagen ,hunting 
katze ,cat 
runde ,round 
deutsche ,German 
schwanz ,tail 
taten ,did 
lord ,lord 
dringend ,urgent 
commander ,commander 
großvater ,grandfather 
sommer ,summer 
gezeigt ,shown 
hinterlassen ,leave behind 
gewissen ,conscience 
getrunken ,drank 
wahre ,true 
luke ,hatch 
kunden ,customers 
kate ,Kate 
zeugen ,witness 
geplant ,planned 
amanda ,amanda 
erreicht ,reached 
stören ,disturb 
stein ,stone 
atmen ,breathe 
hose ,pants 
weiße ,white 
sprichst ,speak 
größer ,bigger 
schickt ,sends 
city ,City 
prinz ,prince 
behandelt ,treated 
tote ,dead 
überlegen ,superior 
karten ,cards 
it ,it 
d ,d 
restaurant ,restaurant 
welchem ,which one 
roger ,roger 
natur ,nature 
carter ,carter 
emily ,Emily 
mami ,mommy 
verschwindet ,disappears 
lautet ,is 
streit ,dispute 
küssen ,kiss 
sprich ,say 
längst ,long ago 
fängt ,catches 
drüber ,over it 
gingen ,went 
erlaubt ,allowed 
einzigen ,single 
bad ,bathroom 
schmeckt ,tastes 
kugel ,bullet 
normalerweise ,normally 
schwarzen ,black 
rauf ,up 
flug ,flight 
beruhigen ,calm 
walter ,walter 
halbe ,half 
dan ,Dan 
geschieht ,happens 
einiges ,some 
entdeckt ,discovered 
morgens ,morning 
schlechter ,worse 
vollkommen ,completely 
gelogen ,lied 
verfolgt ,pursued 
college ,college 
weiteren ,further 
chris ,chris 
louis ,Louis 
eh ,eh 
schwert ,sword 
hunde ,dogs 
steigen ,climb 
verdammter ,damned 
dürfte ,should 
riecht ,smells 
labor ,laboratory 
bat ,asked 
tim ,tim 
arthur ,Arthur 
mindestens ,at least 
fisch ,fish 
eurem ,yours 
füße ,feet 
stehst ,stand 
erschießen ,shoot 
kuchen ,cake 
versuchte ,tried 
zustand ,condition 
wunsch ,wish 
gäste ,guests 
erwähnt ,mentioned 
farbe ,color 
van ,van 
einigen ,some 
zufall ,coincidence 
garten ,garden 
junger ,younger 
autos ,cars 
abgesehen ,apart 
fair ,fair 
vertraut ,trusted 
koffer ,suitcase 
hieß ,was called 
kurs ,course 
wirkt ,works 
idioten ,idiots 
netter ,nicer 
seitdem ,since 
angegriffen ,attacked 
geschichten ,stories 
wahnsinnig ,insane 
ähnlich ,similar 
lily ,lily 
aufgeben ,give up 
england ,England 
entführt ,kidnapped 
ms. ,ms. 
mistkerl ,bastard 
solchen ,such 
ner ,ner 
lager ,stock 
besprechen ,discuss 
reihe ,row 
polizisten ,policemen 
vogel ,bird 
legt ,lays 
strand ,beach 
amerikaner ,American 
schwarz ,black 
fern ,remote 
fick ,fuck 
scherz ,joke 
san ,san 
erzählte ,told 
wichser ,wanker 
jake ,Jake 
langweilig ,boring 
womit ,with what 
geschäfte ,shops 
my ,my 
kapiert ,got it 
nachher ,afterward 
verlangt ,demanded 
schlägt ,beats 
überzeugt ,convinced 
irgendjemand ,anyone 
rot ,red 
soldat ,soldier 
vorbereitet ,prepared 
geschah ,happened 
reisen ,travel 
termin ,appointment 
gang ,gear 
stehlen ,steal 
rechte ,right 
rache ,revenge 
bemerkt ,noticed 
frankreich ,France 
stört ,disturbs 
radio ,radio 
beruhige ,calm down 
pferde ,horses 
vertrag ,contract 
arbeitest ,work 
dienst ,service 
zählt ,counts 
fragst ,you ask 
wesen ,beings 
bürgermeister ,mayor 
emma ,emma 
fluss ,flow 
woran ,what 
geblieben ,stayed 
durcheinander ,mixed up 
me ,me 
ted ,ted 
nette ,cute 
test ,test 
mister ,mister 
dadurch ,through this 
direktor ,director 
wichtiger ,more important 
kevin ,Kevin 
scott ,scott 
akte ,file 
erinnerung ,memory 
großmutter ,grandmother 
lösen ,solve 
bravo ,Bravo 
griff ,handle 
verfolgen ,track 
zweifel ,doubt 
such ,search 
sprache ,language 
nerven ,annoy 
officer ,officer 
andy ,andy 
langer ,longer 
ziehe ,pull 
entlassen ,dismissed 
zweimal ,twice 
abholen ,pick up 
washington ,Washington 
kollegen ,colleagues 
doc ,doc 
fass ,barrel 
szene ,scene 
robin ,robin 
scheinen ,seem 
bösen ,evil 
schaffe ,create 
pflicht ,duty 
wache ,guard 
neulich ,recently 
beeilen ,hurry up 
knie ,knee 
alice ,Alice 
lauter ,louder 
spannende ,exciting 
unschuldig ,innocent 
folgt ,follows 
schutz ,protection 
weshalb ,for what reason 
geheiratet ,married 
woanders ,somewhere else 
wurdest ,became 
kuss ,kiss 
verhindern ,impede 
erklärung ,explanation 
video ,video 
rom ,Rome 
klug ,smart 
kräfte ,forces 
verlangen ,demand 
außerhalb ,outside 
opa ,grandpa 
selbstverständlich ,of course 
aufstehen ,stand up 
hassen ,hate 
pete ,pete 
gebrauchen ,use 
geglaubt ,believed 
milch ,milk 
trink ,drink 
gefeuert ,fired 
erinnerungen ,memories 
müssten ,would have to 
suchst ,are looking for 
fährst ,drive 
kochen ,cook 
schwach ,weak 
schreibt ,writes 
hinein ,into it 
simon ,Simon 
grenze ,border 
braut ,bride 
gebraucht ,needed 
peinlich ,awkward 
klappt ,works 
geheimnisse ,secrets 
joey ,Joey 
aufmerksamkeit ,attention 
form ,form 
umsonst ,for free 
kennenzulernen ,to get to know 
überlebt ,survived 
nirgendwo ,nowhere 
meilen ,miles 
einfacher ,easier 
blöde ,stupid 
mond ,moon 
ergibt ,results 
daten ,data 
merken ,remember 
fuck ,fuck 
fühlte ,felt 
jenny ,jenny 
sieg ,victory 
satt ,fed up 
blödsinn ,nonsense 
adam ,Adam 
lisa ,lisa 
pfund ,pound 
handeln ,act 
lois ,lois 
enden ,end 
warm ,warm 
raten ,guess 
übersetzung ,translation 
kunst ,art 
kapitän ,captain 
desto ,the more 
einsatz ,mission 
schweigen ,be silent 
krankheit ,illness 
toller ,more awesome 
schatten ,shadow 
wachen ,guard 
tatsache ,fact 
eric ,Eric 
stock ,stock 
chief ,chief 
hingehen ,go there 
verboten ,forbidden 
gäbe ,would exist 
anzug ,men's suit 
leichen ,corpses 
high ,high 
beendet ,ended 
freitag ,Friday 
million ,million 
verflucht ,cursed 
dunkel ,dark 
geb ,born 
enttäuscht ,disappointed 
klopfen ,knock 
spuren ,sense 
dreck ,dirt 
seiten ,pages 
mühe ,effort 
gezogen ,pulled 
brian ,brian 
kontrollieren ,control 
knochen ,bone 
schick ,chic 
getrennt ,separated 
programm ,program 
grab ,grave 
ebenso ,as well 
trage ,wear 
nachbarn ,neighbors 
bieten ,offer 
bestes ,best 
elizabeth ,Elizabeth 
fuhr ,drove 
verlässt ,leaves 
freundlich ,friendly 
dennoch ,nonetheless 
rauchen ,smoke 
dick ,thick 
stuhl ,chair 
dreh ,turn 
bester ,best 
schicke ,send 
vergeben ,forgive 
ausgehen ,go out 
behandeln ,treat 
trotz ,despite 
ändert ,changes 
passierte ,happened 
toilette ,toilet 
annehmen ,assume 
herzlichen ,warmly 
hexe ,witch 
erwachsen ,adult 
jerry ,Jerry 
pistole ,gun 
saß ,sat 
dreht ,rotates 
aussage ,expression 
liebte ,loved 
street ,street 
genießen ,enjoy 
eifersüchtig ,jealous 
derjenige ,the one 
teuer ,expensive 
leo ,leo 
zähne ,teeth 
beobachtet ,observed 
gentlemen ,gentlemen 
wählen ,choose 
helft ,helps 
fliegt ,flies 
theater ,theater 
regen ,rain 
feinde ,enemies 
william ,William 
erlauben ,allow 
zulassen ,allow 
schnappen ,snap 
komplett ,completely 
panik ,panic 
flughafen ,airport 
bewusst ,consciously 
deutschen ,German 
voraus ,in advance 
sterbe ,die 
solltet ,should 
begleiten ,accompany 
einander ,each other 
fred ,fred 
erlebt ,experienced 
weiterhin ,furthermore 
stärker ,stronger 
fahrer ,driver 
konzentrieren ,focus 
streiten ,argue 
angeht ,concerns 
selben ,same 
star ,star 
überzeugen ,convince 
alkohol ,alcohol 
übersetzt ,translated 
verrückte ,crazy ones 
lch ,lch 
king ,king 
begann ,began 
angenommen ,assumed 
weitermachen ,carry on 
echter ,real 
jackson ,Jackson 
post ,post 
mitgenommen ,taken away 
botschaft ,message 
ideen ,ideas 
fehlen ,miss 
aufgeregt ,upset 
selbstmord ,suicide 
dumme ,stupid ones 
irgendein ,any 
magie ,magic 
phil ,phil 
schlage ,hit 
handelt ,acts 
treffe ,meet 
untersuchen ,investigate 
flucht ,escape 
verliert ,loses 
irgendeine ,any 
gegenteil ,opposite 
betrifft ,regards 
scharf ,sharp 
gehofft ,hoped 
kennengelernt ,met 
schlimmste ,worst 
projekt ,project 
trottel ,idiot 
immerhin ,anyway 
mehrere ,several 
erwarte ,expect 
mochte ,want 
schwimmen ,to swim 
zählen ,to count 
innerhalb ,within 
matt ,frosted 
blind ,blind 
schwestern ,sisters 
code ,code 
alan ,Alan 
schlau ,clever 
absicht ,intention 
barry ,Barry 
spielst ,play 
zuletzt ,last 
oliver ,oliver 
art. ,art. 
englisch ,English 
ohr ,ear 
verletzen ,injure 
song ,song 
schüler ,pupils 
schien ,seemed 
gewinnt ,wins 
älter ,older 
merkwürdig ,unusual 
judy ,judy 
vermisse ,miss 
größe ,size 
tritt ,occurs 
trauen ,trust 
präsidenten ,presidents 
trick ,trick 
harvey ,Harvey 
doug ,Doug 
roten ,redden 
überlegt ,considered 
größten ,largest 
sonntag ,Sunday 
zwölf ,twelve 
vorstellung ,performance 
schrieb ,wrote 
reinkommen ,come in 
killer ,killer 
unterstützung ,support 
antun ,do to 
rechnung ,invoice 
dieselbe ,the same 
verändern ,change 
möglicherweise ,possibly 
definitiv ,definitely 
locker ,loose 
ed ,ed 
vincent ,Vincent 
ums ,ums 
abends ,at evening 
frisch ,fresh 
kohle ,money 
fing ,caught 
hure ,whore 
cousin ,cousin 
familien ,families 
einsam ,lonely 
lebendig ,lively 
heiligen ,sanctify 
knapp ,meager 
ebenfalls ,also 
überprüft ,checked 
artikel ,article 
jederzeit ,at any time 
kompliziert ,complicated 
spüren ,sense 
signal ,signal 
amy ,amy 
stich ,engraving 
kino ,cinema 
probieren ,try out 
tode ,deaths 
wundervoll ,wonderful 
tanz ,dance 
geöffnet ,open 
kerle ,guys 
begraben ,buried 
prozent ,percent 
stoppen ,stop 
hoheit ,your highness 
riesen ,giant 
rote ,redness 
zugang ,access 
liest ,reads 
vorn ,front 
wichtige ,important 
aufmachen ,open up 
kelly ,Kelly 
sexy ,sexy 
erlaubnis ,permission 
grace ,grace 
big ,big 
story ,story 
madam ,madam 
leichter ,lighter 
halben ,half 
filme ,films 
priester ,priest 
herauszufinden ,to find out 
packen ,pack 
dritte ,third 
inzwischen ,in the meantime 
larry ,larry 
presse ,press 
sitze ,sit 
geklaut ,stolen 
helden ,heroes 
susan ,Susan 
geduld ,patience 
bühne ,stage 
reparieren ,repair 
hä ,huh 
usa ,USA 
gerechtigkeit ,justice 
fälle ,cases 
selten ,rarely 
anrufe ,calls 
unterschreiben ,sign 
julia ,Julia 
drücken ,press 
mrs ,mrs 
lügner ,liar 
endet ,ends 
dave ,Dave 
medizin ,medicine 
schreibe ,write 
verhaften ,arrest 
prozess ,process 
samstag ,Saturday 
amen ,Amen 
motor ,motor 
marie ,Marie 
abhauen ,run away 
chaos ,chaos 
schönheit ,beauty 
beinahe ,almost 
lebst ,live 
tolles ,great 
anhalten ,stop 
fremden ,strangers 
hof ,yard 
akzeptieren ,accept 
norden ,north 
ärzte ,doctors 
anziehen ,put on  
dingen ,things 
umgehen ,evade 
bauch ,belly 
gesamte ,entire 
hübsche ,pretty 
ertragen ,bear 
kiste ,box 
brennt ,burns 
teile ,share 
deckung ,cover 
landen ,land 
berg ,mountain 
straßen ,streets 
aufgenommen ,recorded 
gerufen ,called 
untersuchung ,investigation 
alarm ,alarm 
blieb ,stayed 
vertraue ,trust 
extra ,extra 
entspann ,relaxed 
beobachten ,observe 
eindruck ,impression 
tschüs ,bye 
babys ,babies 
wehtun ,hurt 
zog ,pulled 
iss ,eat 
herrgott ,jeez 
echten ,real 
springen ,jump 
nackt ,naked 
existiert ,exists 
befreien ,liberate 
gerät ,device 
montag ,Monday 
gezwungen ,forced 
perfekte ,perfect 
erzählst ,tell 
bastard ,bastard 
interessieren ,interested 
schlechten ,bad 
hank ,hank 
steigt ,rises 
st. ,st. 
on ,on 
carl ,carl 
gekriegt ,got 
fliehen ,flee 
trug ,wore 
freundschaft ,friendship 
rate ,rate 
papiere ,papers 
abgeschlossen ,completed 
schnauze ,snout 
beruf ,profession 
gebiet ,area 
jeff ,jeff 
jedoch ,however 
beten ,pray 
verbunden ,tied together 
sprachen ,languages 
verräter ,traitor 
wichtigste ,most important 
prost ,cheers 
brust ,breast 
aufgehört ,stopped 
kleider ,dresses 
jacke ,jacket 
bestellt ,ordered 
herkommen ,come here 
wild ,wild 
nenne ,name 
angesehen ,viewed 
zuhören ,listen 
trennen ,separate 
schlafzimmer ,bedroom 
vorschlag ,suggestion 
meins ,mine 
gift ,poison 
ton ,clay 
vermissen ,miss 
angekommen ,arrived 
beantworten ,answer 
deutlich ,clearly 
träumen ,dream 
verwirrt ,confused 
akten ,files 
riskieren ,risk 
b ,b 
victor ,victor 
find ,find 
erkannt ,recognized 
beerdigung ,burial 
müll ,garbage 
weisst ,know 
möge ,may 
stellte ,presented 
mitte ,center 
erleben ,experience 
geburt ,birth 
decke ,ceiling 
chffff ,chffff 
wege ,ways 
schritte ,steps 
gibts ,there is 
gemeldet ,reported 
hilfst ,help 
mittagessen ,lunch 
weint ,cries 
vernichten ,destroy 
rock ,rock 
chicago ,Chicago 
ellen ,ellen 
crew ,crew 
roy ,roy 
türen ,doors 
gewehr ,gun 
elena ,Elena 
arbeitete ,worked 
spiegel ,mirror 
hauen ,hit 
geraten ,advised 
dritten ,third 
ross ,horse 
julie ,Julie 
wetter ,weather 
schwul ,gay 
befindet ,located 
einheit ,unit 
german ,german 
armer ,poorer 
gucken ,look 
anstatt ,instead of 
champagner ,champagne 
gründe ,reasons 
strafe ,penalty 
smith ,smith 
öfter ,more often 
anne ,Anne 
zelle ,cell 
langen ,long 
altes ,old 
ruiniert ,ruined 
kleidung ,clothing 
gras ,grass 
kenn ,know 
agenten ,agents 
herausgefunden ,found out 
annie ,Annie 
rechten ,right 
brot ,bread 
berlin ,Berlin 
erfreut ,pleased 
lügt ,lies 
nehm ,take 
harte ,hardness 
staaten ,states 
station ,station 
gaben ,gave 
hinterher ,afterwards 
verpassen ,miss 
geholt ,fetched 
jesse ,Jesse 
hemd ,shirt 
trinke ,drink 
klären ,clear up 
praktisch ,practical 
theorie ,theory 
zunge ,tongue 
notfall ,emergency 
besseren ,better 
winter ,winter 
c ,c 
versuchst ,try 
dahinter ,behind it 
schwere ,heavy 
feuern ,fire 
lucy ,lucy 
schießt ,shoots 
schief ,wrong 
blau ,blue 
bestens ,fine 
wartest ,wait 
gehts ,it's okay 
morgan ,Morgan 
unrecht ,wrong 
leck ,leak 
wonach ,after what 
entwickelt ,developed 
bedeutung ,meaning 
strom ,electricity 
krebs ,cancer 
gemein ,mean 
wessen ,whose 
minister ,minister 
lhnen ,you 
quelle ,source 
zahl ,number 
schiffe ,ships 
schüsse ,shots 
bricht ,breaks 
talent ,talent 
spitze ,great 
fernseher ,TV 
treiben ,to drive 
ausgezeichnet ,excellent 
tatort ,crime scene 
möglichkeiten ,possibilities 
trinkt ,drinks 
esse ,eat 
cop ,cop 
details ,details 
täter ,perpetrator 
wahren ,preserve 
dieb ,thief 
offiziell ,officially 
dienen ,serve 
westen ,west 
dauernd ,constantly 
geschmack ,taste 
gegenseitig ,each other 
gewählt ,chosen 
charlotte ,Charlotte 
pech ,bad luck 
verteidigen ,defend 
schauspieler ,actor 
personen ,persons 
überlassen ,left 
publikum ,audience 
trägst ,carry 
wechseln ,change 
begegnet ,encountered 
betrogen ,cheated 
besucht ,visited 
vertrau ,trust 
europa ,Europe 
carrie ,Carrie 
patrick ,patrick 
deutschland ,Germany 
süßer ,sweeter 
loswerden ,get rid of 
melde ,report 
maggie ,Maggie 
bestätigt ,confirmed 
gas ,gas 
sturm ,storm 
setze ,set 
briefe ,letters 
null ,zero 
penny ,penny 
schlafe ,temple 
wirken ,works 
geführt ,led 
starten ,start 
götter ,gods 
festhalten ,hold onto 
geheim ,secret 
übergeben ,hand over 
cia ,cia 
abteilung ,department 
papier ,paper 
wetten ,bet 
gefolgt ,followed 
verschiedene ,different 
gleichzeitig ,at the same time 
genie ,genius 
hungrig ,hungry 
inspektor ,inspector 
zwingen ,force 
atmet ,breathes 
kuh ,cow 
unterstützen ,support 
geworfen ,thrown 
verlor ,lost 
süden ,south 
pater ,father 
menschheit ,humanity 
versteck ,hide 
tötete ,killed 
fähigkeiten ,skills 
beruhigt ,calmed down 
rechtzeitig ,punctual 
streng ,strictly 
sendung ,broadcast 
gelebt ,lived 
treppe ,stairs 
kim ,kim 
richtiger ,more correct 
aufnehmen ,to record 
wolf ,wolf 
pa ,Pa 
öffnet ,opens 
dämon ,demon 
wut ,fury 
schlange ,snake 
medikamente ,medication 
geschenkt ,gifted 
nenn ,name 
gelegt ,placed 
anfassen ,touch 
pizza ,pizza 
schlechtes ,bad 
hütte ,hut 
mantel ,a coat 
behauptet ,claims 
kilometer ,kilometers 
beeilung ,hurry up 
angeblich ,allegedly 
reiten ,ride 
helen ,helen 
mittag ,midday 
gewarnt ,warned 
wohne ,live 
las ,read 
dunkelheit ,darkness 
spazieren ,stroll 
angel ,angel 
hiermit ,hereby 
schließt ,closes 
phoebe ,Phoebe 
vieles ,a lot 
erfüllt ,fulfilled 
tausend ,thousand 
sack ,bag 
eindeutig ,clearly 
unterhaltung ,entertainment 
gründen ,found 
km ,km 
zugeben ,admit 
mittel ,medium 
explosion ,explosion 
gefangenen ,prisoners 
taylor ,taylor 
frische ,freshness 
verdächtigen ,suspect 
neugierig ,curious 
leitung ,line 
kennenlernen ,get to know 
fliege ,fly 
lebte ,lived 
menschliche ,human 
anderem ,other 
auseinander ,apart 
fressen ,eat 
beides ,both 
ficken ,fuck 
stoff ,material 
spüre ,feel 
eilig ,hurry 
stammt ,comes from 
vorgestellt ,presented 
linda ,Linda 
welch ,which 
wichtiges ,important 
no ,no 
gehörte ,belonged 
mhm ,mmm 
glaubte ,believed 
oberst ,colonel 
schrank ,wardrobe 
fremde ,strangers 
gnade ,grace 
chloe ,Chloe 
yo ,yo 
entspannen ,relax 
virus ,virus 
schläfst ,sleeping 
einladung ,invitation 
krieger ,warrior 
vernünftig ,reasonable 
fein ,fine 
greifen ,grab 
whoa ,whoa 
kyle ,Kyle 
schickte ,sent 
per ,by 
mitglied ,member 
einziger ,only one 
umzubringen ,to kill 
zurückkehren ,return 
feld ,field 
mexiko ,Mexico 
erschaffen ,create 
information ,information 
hergekommen ,came here 
beweg ,move 
stärke ,strength 
vermögen ,assets 
verbracht ,spent 
gewisse ,certain 
waschen ,wash 
howard ,Howard 
staat ,state 
geister ,ghosts 
behaupten ,claim 
schrei ,scream 
würdet ,would 
vögel ,birds 
warnen ,warn 
albert ,Albert 
chancen ,opportunities 
treibt ,drives 
nannte ,called 
vermute ,guess 
mitternacht ,midnight 
jones ,Jones 
freundinnen ,girlfriends 
lecker ,yummy 
klinik ,clinic 
dicht ,close 
befinden ,condition 
ließen ,let 
bürger ,citizens 
verursacht ,caused 
hammer ,hammer 
klang ,sound 
internet ,Internet 
aufregend ,exciting 
grenzen ,boundaries 
politik ,policy 
superman ,superman 
zurecht ,right 
besitz ,possession 
cops ,cops 
eingesperrt ,locked up 
irren ,err 
kommando ,command 
schlug ,hit 
krankenwagen ,ambulance 
love ,love 
öffne ,open 
karen ,karen 
richten ,direct 
mademoiselle ,mademoiselle 
erfunden ,invented 
schnee ,snow 
fühl ,feel 
behalte ,keep 
beschützt ,protected 
punkte ,points 
entfernen ,remove 
abgehauen ,ran away 
geträumt ,dreamed 
stefan ,Stefan 
dämonen ,demons 
tränen ,tears 
erfolgreich ,successful 
volle ,full 
wilson ,Wilson 
caroline ,Caroline 
höher ,higher 
happy ,happy 
brille ,glasses 
musstest ,had to 
heimat ,hometown 
terry ,terry 
liebsten ,favorite 
bye ,bye 
leiter ,director 
sean ,Sean 
kauf ,purchase 
spinnst ,you're crazy 
werk ,factory 
cent ,cent 
schlacht ,battle 
beziehungen ,relationships 
abgemacht ,agreed 
schreie ,scream 
hmm ,hmm 
bestätigen ,confirm 
erschreckt ,frightened 
offizier ,officer 
that ,that 
sara ,sara 
affäre ,affair 
empfangen ,received 
zweck ,purpose 
kämpfe ,fight 
ergeben ,result 
china ,China 
fange ,catch 
häuser ,houses 
verliere ,lose 
gedanke ,thought 
tausende ,thousands 
heutzutage ,nowadays 
gefühlt ,felt 
schnitt ,cut 
carlos ,Carlos 
harold ,Harold 
lebend ,live 
real ,real 
holz ,wood 
kaiser ,emperor 
spielte ,played 
begonnen ,started 
ziehst ,you pull 
gelandet ,landed 
scheidung ,divorce 
bart ,beard 
beschlossen ,decided 
klo ,loo 
riechen ,smell 
vergisst ,forgets 
begeistert ,enthusiastic 
ei ,egg 
durchs ,through 
geil ,cool 
nieder ,low 
erkläre ,explain 
schreckliche ,terrible 
beeindruckt ,impressed 
vince ,Vince 
aufgegeben ,abandoned 
aufgrund ,because of 
momentan ,at the moment 
solch ,such 
meistens ,mostly 
stress ,stress 
sterne ,stars 
soviel ,so much 
kannten ,knew 
stattdessen ,instead 
aye ,aye 
dinger ,things 
stimmung ,mood 
bulle ,bull 
aufgefallen ,noticed 
kämpft ,fights 
geräusch ,noise 
künstler ,artist 
wachsen ,grow 
verurteilt ,sentenced 
himmels ,heaven 
tyler ,tyler 
urteil ,verdict 
schweine ,pigs 
nettes ,nice 
house ,house 
verlust ,loss 
verließ ,left 
wirf ,throw 
wenige ,few 
willie ,willie 
schulter ,shoulder 
kalifornien ,California 
lernt ,learns 
beigebracht ,taught 
normale ,normal 
anbieten ,offer 
verwenden ,use 
gratuliere ,congratulate 
fluch ,curse 
rick ,rick 
übers ,trans 
grün ,green 
unterricht ,instruction 
dachtest ,you thought 
verarschen ,kidding 
gewöhnt ,used 
anklage ,accuse 
tollen ,great 
lippen ,lips 
fett ,fat 
lege ,lay 
feigling ,coward 
achten ,regard 
gary ,gary 
erfährt ,learns 
gewohnt ,used 
jessica ,Jessica 
äußerst ,extremely 
einladen ,invite 
käse ,cheese 
aufwachen ,wake up 
verfügung ,disposal 
uniform ,uniform 
zusehen ,watch 
board.tvuser.de ,board.tvuser.de 
gesundheit ,health 
abenteuer ,adventure 
hosen ,pants 
kurze ,short 
scheck ,check 
täglich ,daily 
fresse ,eat 
übernehme ,take over 
wiederholen ,repeat 
bestellen ,order 
freiwillig ,voluntarily 
cole ,cole 
universum ,universe 
zeuge ,witness 
west ,west 
marshall ,Marshall 
fähig ,capable 
revier ,territory 
reifen ,tires 
mum ,mum 
führe ,lead 
durchgemacht ,went through 
tests ,tests 
führte ,led 
schenken ,give 
schädel ,skull 
realität ,reality 
april ,April 
albern ,silly 
brav ,well-behaved 
schwerer ,heavier 
jagd ,hunting 
versagt ,failed 
truck ,truck 
steckst ,stuck 
geschenke ,gifts 
sicherlich ,surely 
öffentlichkeit ,public 
merkt ,notices 
verbrecher ,criminal 
maske ,mask 
verstärkung ,reinforcement 
liefern ,delivery 
jo ,yeah 
starke ,strength 
grunde ,reasons 
gordon ,Gordon 
würd ,would 
verschwand ,disappeared 
schulde ,debt 
russen ,Russians 
führer ,leader 
gemerkt ,noticed 
ciao ,ciao 
loslassen ,release 
berichten ,report 
verabschieden ,say goodbye 
antrag ,application 
schieß ,shoot 
abby ,abby 
benehmen ,behavior 
verdacht ,suspected 
hübsches ,pretty 
schreibtisch ,desk 
e ,e 
vampir ,vampire 
rory ,rory 
probe ,sample 
schaff ,create 
verzeih ,pardon 
patient ,patient 
geküsst ,kissed 
ertönt ,sounds 
nahmen ,took 
zahlt ,pays 
vorbereiten ,prepare 
verbrannt ,burned 
verdammtes ,damn 
frankie ,frankie 
informiert ,informed 
einziges ,only one 
zucker ,sugar 
stinkt ,stinks 
schnappt ,snaps 
schreib ,write 
standen ,stood 
klamotten ,clothes 
heil ,unhurt 
besitzer ,owner 
marcus ,Marcus 
tess ,tess 
drum ,that's why 
tasse ,cup 
hinweis ,a notice 
verteidigung ,defense 
lügst ,lie 
lies ,read 
magen ,stomach 
enterprise ,enterprise 
michelle ,michelle 
beeilt ,hurry up 
tunnel ,tunnel 
einst ,once 
behandlung ,treatment 
serie ,series 
applaus ,applause 
markt ,market 
korrekt ,correctly 
besessen ,obsessed 
bewahren ,preserve 
nr. ,no. 
pack ,pack 
gekämpft ,fought 
black ,black 
angreifen ,attack 
tiefer ,deeper 
huh ,huh 
truppen ,troops 
kommandant ,commander 
osten ,east 
elf ,eleven 
beeindruckend ,impressive 
besitzt ,owns 
ho ,ho 
heut ,today 
clever ,clever 
verrückten ,crazy 
hass ,hate 
antworte ,answer 
posten ,post 
schneiden ,cut 
sammeln ,collect 
gesteckt ,plugged in 
wissenschaft ,science 
ursache ,cause 
gewiss ,certainly 
bereich ,area 
catherine ,Catherine 
meinetwegen ,for my sake 
l.a. ,l.a. 
senator ,senator 
ausziehen ,get undressed 
verzweifelt ,desperate 
anteil ,portion 
stets ,always 
ritter ,knight 
viertel ,quarter 
roman ,novel 
pünktlich ,on time 
erfüllen ,fulfill 
kauft ,buys 
molly ,molly 
basis ,base 
eva ,eva 
schock ,shock 
empfang ,reception 
wiederhole ,repeat 
wünscht ,wishes 
besondere ,special 
titel ,title 
stil ,style 
fingerabdrücke ,fingerprints 
einfluss ,influence 
anweisungen ,instructions 
zahle ,pay 
opfern ,sacrifice 
blaue ,blueness 
sparen ,save 
weiteres ,further 
gehörst ,belong 
farm ,farm 
erstaunlich ,astonishing 
schwachsinn ,nonsense 
miete ,rent 
verwandelt ,transformed 
daneben ,next to it 
klaus ,Klaus 
bereiten ,prepare 
wüste ,desert 
prüfen ,check 
gabe ,gabe 
hundert ,hundred 
erscheinen ,appear 
laß ,let 
besiegen ,defeat 
verpiss ,fuck off 
umständen ,circumstances 
angelegenheit ,matter 
landes ,country 
dienstag ,Tuesday 
folgendes ,the following 
fürchten ,fear 
mordes ,murder 
nennst ,call 
angestellt ,employed 
training ,training 
aufgetaucht ,appeared 
rausfinden ,find out 
ächzt ,groans 
rauskommen ,come out 
planet ,planet 
suppe ,soup 
erwischen ,catch 
sitz ,seat 
johnson ,johnson 
vorteil ,advantage 
for ,for 
rosa ,pink 
tour ,tour 
amerikanische ,American 
schönste ,most beautiful 
rufst ,you call 
berührt ,touched 
französisch ,French 
gouverneur ,governor 
angeles ,angeles 
kaufe ,buy 
stern ,star 
gedächtnis ,memory 
wirklichkeit ,reality 
bestraft ,punished 
kreis ,circle 
reine ,pure 
edward ,Edward 
schlimmes ,bad 
bestehen ,consist 
jeannie ,Jeannie 
erscheint ,appears 
staatsanwalt ,prosecutor 
ewigkeit ,eternity 
störung ,disturbance 
hässlich ,ugly 
lauft ,running 
angezogen ,dressed 
señor ,senor 
half ,helped 
sollt ,should 
martha ,martha 
tiger ,tiger 
zigarette ,cigarette 
mutig ,brave 
ausruhen ,relax 
andrew ,andrew 
linken ,left 
hauptmann ,captain 
umstände ,circumstances 
not ,not 
unglück ,accident 
eng ,closely 
white ,white 
lucas ,Lucas 
üben ,practice 
wissenschaftler ,scientist 
gelöst ,solved 
reaktion ,reaction 
morde ,murders 
dusche ,shower 
mitarbeiter ,employees 
your ,yours 
bedroht ,threatened 
gehöre ,belong 
befreit ,freed 
stöhnen ,moan 
reagiert ,Reacts 
identität ,identity 
rund ,around 
texas ,Texas 
fieber ,fever 
hirn ,brain 
leiten ,lead 
donnerstag ,Thursday 
leonard ,leonard 
unheimlich ,scary 
mulder ,mulder 
jahrhundert ,century 
irgend ,any 
diener ,servant 
bruce ,Bruce 
extrem ,extreme 
ausweis ,ID 
sicht ,view 
sport ,sport 
juden ,Jews 
studiert ,studied 
angelogen ,lied to 
schaue ,look 
little ,little 
sally ,Sally 
text ,text 
earl ,earl 
nebenan ,next door 
todd ,Todd 
lektion ,lesson 
staub ,dust 
sophie ,Sophie 
kugeln ,balls 
dutzend ,dozen 
ratte ,rat 
mitleid ,pity 
testen ,test 
auftritt ,occurs 
gegner ,opponent 
joseph ,Joseph 
verdienst ,merit 
langsamer ,slower 
wunde ,wound 
linie ,line 
bedrohung ,threat 
bauer ,farmer 
kurzem ,recently 
fische ,fish 
einkaufen ,shopping 
kreuz ,cross 
afrika ,Africa 
begangen ,committed 
el ,el 
nachsehen ,look 
junior ,junior 
bäume ,trees 
leidenschaft ,passion 
geliebte ,beloved 
bereuen ,regret 
spieler ,player 
berge ,mountains 
verwendet ,used 
steuern ,steer 
gekümmert ,cared for 
voran ,ahead 
wieviel ,how much 
barney ,barney 
graf ,count 
verabredung ,appointment 
verlasse ,leave 
überfallen ,ambushed 
donna ,donna 
umdrehen ,turn around 
damon ,demon 
kilo ,kilo 
diego ,Diego 
negativ ,negative 
schild ,sign 
tanzt ,dances 
verbrennen ,burn 
gefreut ,pleased 
penner ,bum 
blauen ,blue 
jay ,Jay 
stücke ,pieces 
angela ,Angela 
kühlschrank ,refrigerator 
identifizieren ,identify 
lehrerin ,teacher 
francisco ,francisco 
kameras ,cameras 
zentrale ,central 
jäger ,hunter 
josh ,Josh 
wayne ,Wayne 
wenden ,turn around 
we ,we 
holst ,fetch 
suchte ,searched 
start ,start 
füßen ,feet 
unglücklich ,unhappy 
frohe ,happy 
sand ,sand 
pfarrer ,priest 
plus ,plus 
nancy ,nancy 
brachten ,brought 
zauber ,magic 
berühren ,touch 
rückkehr ,return 
hafen ,harbor 
indianer ,Indian 
miller ,miller 
verschwenden ,waste 
untersucht ,examined 
königs ,royal 
jean ,jean 
lese ,read 
stahl ,steel 
hättet ,would have 
affen ,monkeys 
worten ,words 
kindheit ,childhood 
gewollt ,wanted 
op ,op 
vermeiden ,avoid 
fabrik ,factory 
aussagen ,testify 
wunderbare ,wonderful 
grandpa ,grandpa 
miststück ,bitch 
verrückter ,crazy 
lane ,lane 
jungfrau ,Virgo 
einfache ,simple 
nate ,nate 
laufe ,run 
reingelegt ,tricked 
seltsame ,strange 
heiratet ,marries 
angenehm ,pleasant 
daheim ,home 
planen ,plan 
klauen ,to steal 
geruch ,odor 
marty ,marty 
klingen ,sound 
tina ,tina 
nächster ,next 
hörten ,heard 
jackie ,Jackie 
trafen ,met 
ungern ,reluctantly 
abgelehnt ,rejected 
erstens ,first 
abmachung ,agreement 
appetit ,appetite 
miami ,Miami 
zeigte ,showed 
fan ,fan 
hohen ,high 
alf ,alf 
ladys ,ladies 
sms ,sms 
verkauf ,sale 
jamie ,Jamie 
verbergen ,hide 
sorgt ,ensures 
karl ,Karl 
sohnes ,son 
berühmt ,famous 
aussteigen ,exit 
bonnie ,Bonnie 
ginge ,would go 
reingehen ,go in 
durfte ,was allowed 
korrektur ,correction 
wirft ,throws 
titten ,tits 
betreten ,enter 
todes ,death 
one ,one 
doctor ,doctor 
blöden ,stupid 
miles ,miles 
rausholen ,get out 
hohe ,height 
aufnahme ,recording 
by ,by 
holmes ,holmes 
hübscher ,prettier 
vegas ,Vegas 
manager ,manager 
stellung ,position 
höhle ,cave 
schokolade ,chocolate 
angeboten ,offered 
weib ,woman 
ausgerechnet ,of all things 
walker ,walker 
beibringen ,teach 
nelson ,nelson 
ex ,ex 
belohnung ,reward 
seelen ,souls 
steine ,stones 
garage ,garage 
scheißkerl ,shithead 
gestört ,disturbed 
cooper ,cooper 
ruhen ,rest 
pillen ,pills 
gepäck ,baggage 
carol ,carol 
norman ,Norman 
zoe ,zoe 
amerikanischen ,American 
telefonieren ,make a phone call 
heirate ,marry 
erkenne ,recognize 
funk ,radio 
grüß ,greetings 
hurensohn ,son of a bitch 
mögliche ,possible 
spring ,jump 
uni ,uni 
scheinbar ,apparently 
fakten ,facts 
informieren ,inform 
jugend ,youth 
feier ,celebration 
wenigen ,few 
söhne ,sons 
benzin ,petrol 
nix ,nothing 
vampire ,vampires 
erkennt ,recognizes 
sicherer ,safer 
zigaretten ,cigarettes 
dummes ,stupid 
mauer ,wall 
erneut ,anew 
flügel ,wing 
schluck ,gulp 
hierbleiben ,stay here 
christus ,Christ 
bezahle ,pay 
dummkopf ,stupid 
gerüchte ,rumors 
eingestellt ,set 
m. ,m. 
weitergehen ,move on 
technik ,technology 
ali ,ali 
bezweifle ,doubt 
piper ,piper 
over ,over 
gekostet ,cost 
anzeige ,advertisement 
wohnst ,live 
hans ,Hans 
ergebnis ,result 
bedingungen ,conditions 
brad ,brad 
aufzuhalten ,to stop 
versprich ,promise 
verdiene ,deserve 
geschnappt ,caught 
francis ,francis 
eile ,hurry 
innen ,inside 
italien ,Italy 
einig ,agree 
verhandeln ,negotiate 
weswegen ,why 
nützlich ,useful 
inneren ,inner 
gentleman ,gentleman 
felix ,felix 
vergesse ,forget 
dunkle ,dark 
warnung ,warning 
gemeinde ,community 
diamanten ,diamonds 
wächst ,grows 
gewöhnlich ,usually 
seil ,rope 
bär ,bear 
großartige ,great 
beth ,Beth 
ware ,goods 
traurige ,sad ones 
figur ,figure 
time ,time 
roboter ,robot 
anschauen ,look at 
kürzlich ,recently 
material ,material 
paula ,paula 
käme ,would come 
stellst ,put 
bereitet ,prepared 
einfallen ,come up 
käfig ,cage 
fantasie ,fantasy 
brach ,broke 
satz ,sentence 
kommissar ,commissioner 
exzellenz ,excellence 
schuldest ,you owe 
nass ,wet 
rächen ,revenge 
womöglich ,possibly 
begrüßen ,greet 
lou ,Lou 
davis ,Davis 
überraschen ,surprise 
menschlichen ,human 
repariert ,repaired 
führung ,guide 
gestanden ,confessed 
jacob ,Jacob 
schütze ,protect 
störe ,disturb 
nina ,nina 
jobs ,jobs 
maschinen ,machines 
unterlagen ,documents 
palast ,palace 
graben ,dig 
kette ,chain 
auftauchen ,turn up 
interessante ,interesting 
wovor ,from what 
springt ,jumps 
terroristen ,terrorists 
stan ,stan 
bekämpfen ,fight 
lärm ,noise 
flehe ,beg 
aufgewachsen ,grew up 
arbeiter ,worker 
größere ,larger 
humor ,humor 
betrachten ,regard 
be ,be 
organisation ,organization 
widerstand ,resistance 
bergen ,recover 
studio ,studio 
hausaufgaben ,homework 
vögeln ,fuck 
bescheuert ,stupid 
weggehen ,go away 
teller ,plate 
original ,original 
revolution ,revolution 
hitler ,Hitler 
mädel ,girl 
verbinden ,connect 
nathan ,Nathan 
ermittlungen ,investigations 
steck ,plug 
wäsche ,wash 
rätsel ,puzzle 
besonderen ,special 
hunderte ,hundreds 
versetzt ,offset 
bibel ,Bible 
heiliger ,holier 
reiß ,tear 
kopie ,copy 
besitzen ,own 
zeitungen ,newspapers 
zurückgekommen ,came back 
süßes ,sweet 
barbara ,barbara 
ungewöhnlich ,unusual 
höhe ,height 
geschaffen ,created 
beschreiben ,describe 
ausgesucht ,selected 
notwendig ,necessary 
dunklen ,dark 
ignorieren ,ignore 
toter ,dead 
deck ,deck 
narr ,fool 
scheißegal ,don't give a fuck 
höchstens ,at most 
übersehen ,overlook 
geirrt ,mistaken 
darunter ,underneath 
außen ,outside 
einzig ,only 
stirbst ,die 
lhren ,yours 
spielchen ,games 
girl ,girl 
fahrrad ,bicycle 
nutte ,hooker 
wilde ,wild ones 
jordan ,Jordan 
bequem ,comfortable 
rauch ,smoke 
verschiedenen ,different 
kamst ,came 
l ,l 
betty ,Betty 
pool ,pool 
hubschrauber ,helicopter 
wüssten ,would know 
erstmal ,first of all 
kollege ,colleague 
vernichtet ,destroyed 
gesichter ,faces 
derselbe ,same 
hattet ,had 
konto ,account 
freie ,free 
casey ,casey 
haken ,hook 
munition ,ammunition 
sünde ,sin 
militär ,military 
gefasst ,caught 
anzeichen ,signs 
geklappt ,succeeded 
hintergrund ,background 
erwähnen ,mention 
tipp ,tip 
reißen ,tear 
keins ,none 
genial ,brilliant 
berichte ,reports 
kram ,junk 
schnapp ,snap 
solle ,should 
randy ,randy 
umziehen ,move 
zunächst ,first 
keinerlei ,none whatsoever 
typisch ,typical 
bietet ,offers 
leb ,live 
technologie ,technology 
john-boy ,john boy 
ruinieren ,ruin 
jünger ,younger 
poirot ,Poirot 
umso ,all the more 
starben ,died 
rette ,save 
triffst ,meet 
unhöflich ,impolite 
safe ,safe 
anzurufen ,to call 
universität ,university 
mai ,May 
heben ,lift 
koch ,cook 
derselben ,the same 
katastrophe ,disaster 
male ,paint 
olivia ,Olivia 
prüfung ,test 
brown ,brown 
gesetze ,laws 
meeting ,meeting 
versicherung ,insurance 
getragen ,worn 
ehefrau ,wife 
mitmachen ,join in 
tauschen ,to exchange 
ergebnisse ,results 
boston ,Boston 
reg ,reg 
einstellen ,set 
reagieren ,react 
gefehlt ,missing 
verwandeln ,transform 
gedauert ,lasted 
senden ,send 
blair ,blair 
reporter ,reporter 
abgeben ,hand over 
mm ,mm 
parker ,parker 
anhören ,listen 
bibliothek ,library 
japan ,Japan 
hinsetzen ,sit down 
hannah ,Hannah 
serena ,Serena 
paige ,paige 
schalten ,switch 
derek ,Derek 
gewöhnen ,get used to 
lernte ,learned 
vereinigten ,united 
gewicht ,weight 
zweiter ,second 
badezimmer ,bathroom 
schieben ,push 
dreimal ,three times 
weich ,soft 
echtes ,real 
zweitens ,secondly 
drachen ,dragon 
bahnhof ,railroad station 
erschöpft ,exhausted 
genauer ,more precise 
verlange ,demand 
spanisch ,Spanish 
verrat ,betrayal 
hexen ,witches 
live ,live 
legende ,legend 
taub ,deaf 
freu ,happy 
konzert ,concert 
hopp ,oops 
wiederzusehen ,to see again 
doppelt ,double 
last ,load 
vergleich ,comparison 
böser ,more evil 
herzlich ,heartfelt 
monica ,Monica 
taschen ,bags 
genügt ,is enough 
besucher ,visitors 
spanien ,Spain 
großzügig ,generous 
teddy ,teddy 
hauses ,house 
leihen ,lend 
scheiden ,divorce 
einstellung ,attitude 
köstlich ,delicious 
watson ,Watson 
einheiten ,units 
wichtigen ,important 
go ,go 
warne ,warn 
russland ,Russia 
angeschossen ,shot 
sammy ,Sammy 
pierre ,pierre 
sklaven ,slaves 
laune ,mood 
gesamten ,entire 
stille ,silence 
asche ,ash 
geflogen ,flown 
spion ,spy 
what ,what 
aaron ,Aaron 
weihnachtsmann ,Santa Claus 
hervorragend ,terrific 
can ,can 
verärgert ,annoyed 
puppe ,doll 
überfall ,raid 
unwichtig ,unimportant 
santa ,santa 
linke ,left 
übung ,exercise 
buffy ,buffy 
franzosen ,French 
wehgetan ,hurt 
schwäche ,weakness 
couch ,couch 
cousine ,cousin 
grant ,grant 
atme ,breathe 
irgendeinem ,anyone 
unterstützt ,supports 
oscar ,oscar 
ausdruck ,expression 
pleite ,broke 
beleidigt ,insulted 
knopf ,button 
stop ,Stop 
schlimme ,bad ones 
beweist ,proves 
katie ,katie 
dramatische ,dramatic 
heutigen ,today 
leere ,empty 
island ,Iceland 
shane ,Shane 
daisy ,daisy 
trinkst ,drink 
heimlich ,secretly 
eingehen ,enter 
rad ,wheel 
greift ,takes hold 
mächtig ,powerful 
williams ,williams 
sinnlos ,pointless 
versaut ,messed up 
atem ,breath 
anstellen ,hire 
milliarden ,billion 
flotte ,fleet 
umgebung ,vicinity 
mitbringen ,bring along 
beteiligt ,involved 
dunkeln ,darken 
entwickeln ,develop 
schämen ,ashamed 
erwachsene ,adult 
zack ,boom 
durchsuchen ,browse 
hollywood ,Hollywood 
rollen ,roll 
vergesst ,forget 
tricks ,tricks 
plätze ,places 
gefangene ,prisoners 
sünden ,sins 
sender ,transmitter 
verlass ,leave 
räumen ,clear 
lerne ,learn 
rettet ,saves 
hinweise ,notes 
ausreden ,excuses 
alexander ,Alexander 
mommy ,mommy 
diejenige ,the one 
nächte ,nights 
herrscht ,prevails 
bud ,bud 
jahres ,year 
dna ,dna 
romantisch ,romantic 
flüstert ,whispers 
drück ,press 
jeremy ,jeremy 
bedanken ,thank you 
verabredet ,have an appointment 
pilot ,pilot 
colt ,colt 
nigger ,nigger 
reizend ,lovely 
grade ,straight 
stanley ,stanley 
leib ,body 
stecke ,stuck 
scheisse ,shit 
ärztin ,doctor 
vergewaltigt ,raped 
mußt ,must 
lieferung ,delivery 
botschafter ,ambassador 
studieren ,study 
köpfe ,heads 
duschen ,shower 
kopfschmerzen ,headache 
öl ,oil 
knarre ,creak 
sekretärin ,secretary 
phase ,phase 
handschellen ,handcuffs 
lewis ,Lewis 
versehen ,provided 
bande ,band 
treu ,faithful 
positiv ,positive 
meiste ,most 
museum ,museum 
albtraum ,nightmare 
margaret ,Margaret 
verlobt ,engaged 
besiegt ,defeated 
existieren ,exist 
könne ,could 
proben ,rehearse 
beschissen ,crappy 
gewinne ,win 
personal ,staff 
christian ,Christian 
bewaffnet ,armed 
fällen ,fall 
wecken ,wake up 
wirkung ,effect 
kurt ,Kurt 
connor ,Connor 
rebecca ,Rebecca 
therapie ,therapy 
amüsieren ,amuse 
ordentlich ,orderly 
weglaufen ,run away 
aufgewacht ,woke up 
nähern ,approach 
decken ,cover 
sinne ,senses 
leutnant ,lieutenant 
zauberer ,wizard 
hogan ,Hogan 
bittet ,asks 
ankunft ,arrival 
klopft ,knocks 
abstand ,distance 
bewusstsein ,consciousness 
nation ,nation 
kontrolliert ,controlled 
treffer ,hit 
abnehmen ,lose weight 
ratten ,rats 
anwälte ,lawyers 
tempel ,temple 
vergiftet ,poisoned 
kunde ,customer 
august ,August 
wunden ,wounds 
unangenehm ,unpleasant 
ausrüstung ,equipment 
segen ,blessing 
präsentiert ,presented 
schließ ,close 
kehle ,throat 
krone ,crown 
durchsucht ,searched 
president ,president 
tracy ,Tracy 
verfluchte ,cursed 
bestimmten ,certain 
clay ,clay 
ladies ,ladies 
b. ,b. 
ladung ,charge 
beinen ,legs 
hell ,bright 
kent ,kent 
kapitel ,chapter 
chase ,chase 
benutze ,use 
alibi ,alibi 
ziele ,goals 
bestie ,beast 
gus ,gus 
nirgends ,nowhere 
wohnzimmer ,living room 
beute ,prey 
bau ,building 
brennen ,burn 
lex ,lex 
durst ,thirst 
logan ,logan 
schwarzer ,black 
schmutzig ,dirty 
liebhaber ,lover 
ersetzen ,substitute 
juli ,July 
verfahren ,procedure 
kirk ,Kirk 
stiefel ,boots 
inspector ,inspector 
allzu ,too 
camp ,camp 
dürft ,may 
orten ,places 
hitze ,heat 
spielzeug ,toy 
tv ,tv 
gloria ,gloria 
wolle ,wool 
knurrt ,growls 
meldet ,reports 
rita ,rita 
zone ,Zone 
trocken ,dry 
lincoln ,lincoln 
schreibst ,write 
audrey ,Audrey 
quinn ,quinn 
probier ,try 
le ,le 
kids ,kids 
unterschrieben ,signed 
do ,do 
heulen ,cry 
entschlossen ,determined 
paket ,package 
gefiel ,liked 
bekamen ,got 
netten ,nice ones 
geheime ,secret 
jennifer ,jennifer 
aktiviert ,activated 
ausweg ,way out 
hinweg ,away 
schmuck ,jewelry 
ausgang ,exit 
wunderschöne ,beautiful 
zurückkommt ,comes back 
ann ,ann 
illegal ,illegal 
ferien ,holidays 
persönlichen ,personal 
geiseln ,hostages 
segne ,bless 
normaler ,more normal 
steuer ,tax 
aufgepasst ,watch out 
murphy ,murphy 
raumschiff ,spaceship 
dummen ,stupid 
weißer ,whiter 
ausbildung ,education 
klavier ,piano 
hauptsache ,main thing 
admiral ,admiral 
entgegen ,in contrast to 
fasse ,grasp 
strecke ,route 
julian ,Julian 
version ,version 
hilfreich ,helpful 
schweren ,heavy 
h ,h 
jahrelang ,for years 
leeren ,empty 
küste ,coast 
baron ,baron 
behörden ,authorities 
grüße ,greetings 
geklärt ,clarified 
bruders ,brother 
kaufte ,bought 
stone ,stone 
puls ,pulse 
blue ,blue 
flur ,corridor 
denselben ,the same 
rettung ,rescue 
widerlich ,disgusting 
parkplatz ,parking 
katzen ,cats 
laster ,vice 
sozusagen ,so to speak 
mittwoch ,Wednesday 
unschuldige ,innocent ones 
abwarten ,wait 
grandma ,grandma 
florida ,Florida 
re ,re 
grünen ,greens 
könntet ,could 
aufnahmen ,recordings 
vision ,vision 
schauspielerin ,actress 
passe ,pass 
sing ,sing 
glückliche ,happy ones 
highschool ,high school 
friedhof ,cemetery 
irrtum ,error 
klienten ,clients 
nervt ,annoying 
leidet ,suffers 
reverend ,reverend 
trainieren ,train 
gegenwart ,present 
zurückbringen ,bring back 
herman ,herman 
protokoll ,protocol 
studenten ,students 
durchaus ,absolutely 
grausam ,awful 
höchste ,highest 
verwickelt ,involved 
schmecken ,taste good 
klappen ,succeed 
apropos ,speaking of 
liz ,liz 
alfred ,Alfred 
ansonsten ,otherwise 
wade ,calf 
missverständnis ,misunderstanding 
mitglieder ,members 
motorrad ,motorcycle 
mickey ,mickey 
blicken ,look 
glücklicher ,happier 
hübschen ,pretty 
dicke ,thickness 
gewünscht ,desired 
gejagt ,hunted 
diejenigen ,those 
diskutieren ,discuss 
pinkeln ,pee 
huhn ,chicken 
erheben ,raise 
paradies ,paradise 
tagebuch ,diary 
möglichen ,possible 
jenseits ,beyond 
arschlöcher ,assholes 
apartment ,apartment 
mason ,mason 
pfeift ,whistles 
dieselben ,the same 
wilden ,wild 
vergaß ,forgot 
enttäuschen ,disappoint 
greg ,greg 
konsequenzen ,consequences 
fleck ,spot 
macgyver ,macgyver 
führerschein ,driver's license 
online ,on-line 
bete ,pray 
verdächtige ,suspects 
enkel ,grandson 
normalen ,normal 
stift ,pen 
interview ,interview 
süßen ,sweeten 
riesige ,huge 
aussicht ,outlook 
ned ,ned 
wiederkommen ,come back 
werbung ,advertising 
warf ,threw 
telefoniert ,telephoned 
anblick ,sight 
einzelnen ,individual 
teppich ,carpet 
hielten ,held 
handel ,trade 
gekannt ,known 
getrieben ,driven 
trainer ,trainer 
scully ,scully 
schuh ,shoe 
bomben ,bombs 
kämpfer ,fighter 
victoria ,victoria 
bedenken ,consider 
sitzung ,meeting 
ken ,ken 
sicheren ,safe 
verkaufe ,sell 
ron ,ron 
tapfer ,brave 
experiment ,experiment 
besorge ,get 
tiefe ,depth 
narren ,fool 
abgeholt ,picked up 
abhalten ,hold off 
bestimmte ,particular 
laufenden ,ongoing 
auftaucht ,appears 
school ,school 
löschen ,delete 
tara ,tara 
sebastian ,Sebastian 
mies ,lousy 
sarg ,coffin 
r ,r 
vertragen ,tolerated 
gebissen ,bitten 
geheimen ,secret 
drinks ,drinks 
tradition ,tradition 
soeben ,just 
komische ,funny ones 
schultz ,Schultz 
aufgehalten ,stopped 
fähigkeit ,capability 
attraktiv ,attractive 
begriff ,expression 
versichere ,insure 
schilde ,shields 
legte ,laid 
mitteilen ,communicate 
sdh ,sdh 
gemütlich ,cozy 
muster ,pattern 
versprach ,promised 
überwachen ,monitor 
eingeschlafen ,fell asleep 
schlimmsten ,worst 
verlierst ,lose 
einzelne ,individual 
vergib ,forgive 
vorbeikommen ,come over 
aua ,ouch 
brüste ,breasts 
sandwich ,sandwich 
gewinner ,winner 
verständnis ,understanding 
g ,G 
raymond ,Raymond 
papst ,pope 
toast ,toast 
matthew ,Matthew 
einsteigen ,get in 
löwen ,lions 
einsetzen ,insert 
gewinn ,profit 
schüchtern ,shy 
scheinst ,seem 
pflanzen ,plant 
green ,green 
sheldon ,Sheldon 
christopher ,christopher 
hätt ,would have 
coach ,coach 
werte ,values 
modell ,model 
übernimmt ,takes over 
walton ,walton 
heftig ,violent 
vorfall ,incident 
motel ,motel 
teams ,teams 
irgendeinen ,anyone 
müsstest ,would have to 
freier ,freer 
zirkus ,circus 
ruhm ,fame 
zurzeit ,currently 
ausmachen ,turn off 
rezept ,recipe 
töchter ,daughters 
laute ,loud 
akzeptiert ,accepted 
geschwindigkeit ,speed 
beliebt ,popular 
verpflichtet ,obligated 
betrüger ,cheater 
lohnt ,worth it 
märchen ,fairy tale 
blöder ,stupider 
becky ,Becky 
wille ,will 
königreich ,kingdom 
dennis ,Dennis 
kehren ,sweep 
baut ,builds 
chinesen ,Chinese 
gesichert ,secured 
michel ,michel 
ruth ,Ruth 
block ,block 
belogen ,lied to 
malen ,paint 
kofferraum ,trunk 
road ,road 
bursche ,fellow 
erin ,erin 
geständnis ,confession 
ausgegangen ,went out 
begreifen ,understand 
dana ,Dana 
blitz ,flash 
löst ,solves 
furcht ,fear 
jersey ,jersey 
ernstes ,serious 
verteilt ,distributed 
bezüglich ,with reference to 
faszinierend ,fascinating 
aufmerksam ,attentive 
aufregung ,excitement 
wendy ,wendy 
ethan ,ethan 
orte ,places 
entführung ,kidnapping 
keucht ,gasps 
erhielt ,received 
treue ,loyalty 
felsen ,rock 
malcolm ,Malcolm 
kurzen ,short 
zorn ,anger 
taucht ,dives 
bestimmen ,determine 
ausgesetzt ,exposed 
zurückgeben ,return 
verkehr ,traffic 
bewiesen ,proven 
generation ,generation 
liebste ,favorite 
ausrichten ,align 
ausnahme ,exception 
ebene ,level 
herrlich ,splendid 
stürzen ,fall 
herausforderung ,challenge 
gefälligst ,if you please 
farben ,colors 
geliebten ,loved ones 
ankommen ,arrive 
tempo ,tempo 
unterbrechen ,interrupt 
kindes ,child 
babe ,babe 
erden ,earth 
schrecklichen ,terrible 
falsches ,wrong 
täuschen ,deceive 
tal ,valley 
irgendwer ,anyone 
deins ,yours 
witwe ,widow 
sichern ,secure 
gerede ,talk 
betrug ,fraud 
trauer ,grief 
anwesenheit ,presence 
bilden ,form 
gewachsen ,grown 
ausflug ,side trip 
jill ,jill 
verlaufen ,get lost 
rand ,edge 
kenny ,Kenny 
rechnen ,calculate 
aufzug ,elevator 
befragen ,question 
wegnehmen ,take away 
abschied ,farewell 
benötigen ,need 
pst ,psst 
amt ,government office 
reiche ,rich 
otto ,otto 
beginn ,start 
daumen ,thumb 
bestrafen ,punish 
clarence ,clarence 
weine ,cry 
fremder ,stranger 
sachte ,gently 
identifiziert ,identified 
gestehen ,confess 
mac ,mac 
owen ,owen 
morris ,morris 
riesig ,gigantic 
entscheide ,decide 
koma ,coma 
prinzen ,princes 
bewusstlos ,unconscious 
county ,county 
marke ,brand 
harter ,harder 
hill ,hill 
höflich ,polite 
jude ,Jew 
setzte ,sat 
besorg ,worry 
absichtlich ,intentionally 
vermasselt ,screwed up 
verschlossen ,closed 
sowie ,as well as  
gesang ,singing 
gedreht ,rotated 
ford ,ford 
religion ,religion 
ey ,hey 
unterschrift ,signature 
rosen ,roses 
persönliches ,personal 
queen ,queen 
fortschritte ,progress 
eingang ,entrance 
zugehört ,listened 
biete ,offer 
clara ,Clara 
vorhaben ,plan 
kultur ,culture 
patientin ,patient 
stephen ,stephen 
explodiert ,explodes 
nichte ,niece 
verzichten ,waive 
steven ,Steven 
harris ,harris 
existenz ,existence 
drehbuch ,script 
football ,football 
anzusehen ,to view 
ohnmächtig ,fainted 
zaun ,fence 
anthony ,Anthony 
geladen ,loaded 
guckt ,looks 
privat ,private 
peg ,peg 
brauchten ,needed 
liam ,Liam 
heb ,Heb 
virginia ,Virginia 
wächter ,guard 
eimer ,bucket 
blasen ,blow 
rakete ,rocket 
salz ,salt 
unfair ,unfair 
verzeiht ,forgive 
esel ,donkey 
krankenschwester ,nurse 
symbol ,symbol 
entscheidet ,decides 
fahrzeug ,vehicle 
unterwäsche ,underwear 
betrachtet ,considered 
bauern ,farmers 
engländer ,English 
wartete ,waited 
schaust ,look 
genossen ,enjoyed 
tropfen ,drops 
probiert ,tried 
spock ,spock 
café ,cafe 
verhungern ,starvation 
versuchten ,tried 
mütter ,mothers 
september ,September 
aktion ,action 
bestanden ,passed 
haaren ,hair 
louise ,Louise 
schluchzt ,sobs 
übertrieben ,exaggerated 
heilmittel ,remedies 
apparat ,apparatus 
vorm ,before 
friedlich ,peaceful 
richtiges ,correct 
zuschauer ,viewers 
teenager ,teenager 
geliefert ,delivered 
may ,may 
gestritten ,argued 
maus ,mouse 
lediglich ,only  
charakter ,character 
riley ,riley 
krass ,cool 
weiterer ,further 
group ,group 
ricky ,ricky 
diana ,Diana 
geräusche ,noises 
lichter ,lights 
starken ,strengthen 
dexter ,dexter 
staffel ,squadron 
flaschen ,bottles 
putzen ,cleaning 
einbruch ,burglary 
geheilt ,healed 
beißen ,bite 
nicole ,Nicole 
stammen ,come from 
wände ,walls 
befürchte ,fear 
kostüm ,costume 
warren ,warren 
grüßen ,greet 
versagen ,fail 
übernommen ,taken over 
hoffte ,hoped 
verschieben ,move 
verspätung ,lateness 
whiskey ,whiskey 
mars ,Mars 
media ,media 
entdecken ,discover 
traue ,trust 
thron ,throne 
riesigen ,huge 
zelt ,tent 
akzent ,accent 
truppe ,troop 
übertragen ,transmitted 
kompliment ,compliment 
flammen ,flame 
erkennst ,recognize 
erschrecken ,scare 
gemälde ,painting 
ari ,ari 
walt ,walt 
chip ,chip 
mannschaft ,team 
cindy ,Cindy 
loyalität ,loyalty 
benjamin ,Benjamin 
dankeschön ,Thank you very much 
vertreten ,represent 
verhandlung ,negotiation 
lernst ,learn 
brüllt ,roars 
füllen ,fill 
letztendlich ,ultimately 
krise ,crisis 
verlierer ,loser 
spencer ,spencer 
with ,with 
kekse ,cookies 
ausschalten ,turn off 
penis ,penis 
profi ,professional 
whisky ,whiskey 
erledige ,do 
gelächter ,laughter 
fängst ,catch 
erklär ,explain 
einspruch ,objection 
angeln ,fishing 
rausgehen ,go out 
monk ,monk 
kaution ,deposit 
eures ,yours 
gesessen ,sat 
verrate ,betray 
kehrt ,returns 
boy ,boy 
summe ,sum 
lade ,load 
billig ,cheap 
curtis ,curtis 
bernard ,Bernard 
juni ,June 
gerissen ,ripped 
festgenommen ,arrested 
ralph ,ralph 
befohlen ,ordered 
überlege ,consider 
koordinaten ,coordinates 
flog ,flew 
herzinfarkt ,heart attack 
hinlegen ,lie down 
nahrung ,food 
liege ,lie 
geflohen ,fled 
knall ,bang 
nebenbei ,alongside 
mylord ,my lord 
nachbar ,neighbor 
küss ,kiss 
lhrem ,yours 
geleistet ,accomplished 
nutzt ,uses 
fröhliche ,happy ones 
nebel ,fog 
front ,front 
veränderung ,change 
affe ,ape 
kontaktieren ,contact 
brand ,fire 
fuhren ,lead 
zwischenzeit ,in the meantime 
eingesetzt ,used 
anton ,anton 
philip ,Philip 
megan ,megan 
schlimmeres ,worse 
rennt ,runs 
anlegen ,invest 
nachzudenken ,to think about 
schwör ,swear 
übliche ,usual 
kreatur ,creature 
verderben ,spoil 
medizinische ,medical 
besetzt ,occupied 
zugriff ,access 
kanal ,channel 
blutdruck ,blood pressure 
grüne ,green 
ausgeben ,spend 
papi ,daddy 
clown ,clown 
lhrer ,yours 
sonny ,sonny 
schwören ,swear 
hühnchen ,chicken 
arten ,species 
aufgebaut ,constructed 
sydney ,Sydney 
betrügen ,deceive 
steele ,steele 
trank ,drank 
glatt ,smooth 
trainiert ,trained 
indien ,India 
autor ,author 
geweint ,cried 
blume ,flower 
verletzungen ,injuries 
special ,special 
zwillinge ,twins 
mia ,mia 
reißt ,tears 
zeigst ,show 
stirb ,die 
justin ,Justin 
diane ,diane 
gefickt ,fucked 
schlägst ,beats 
moskau ,Moscow 
erwartest ,expect 
gestoßen ,bumped 
durchgehen ,go through 
praxis ,practice 
gründlich ,thorough 
benny ,benny 
eingeschlossen ,included 
tragödie ,tragedy 
vollständig ,complete 
rasse ,race 
lance ,lance 
vertraust ,trusted 
kummer ,sorrow 
eigener ,own 
christine ,christine 
partei ,party 
zentrum ,center 
testament ,testament 
entfernung ,distance 
private ,private 
welten ,worlds 
verlegen ,embarrassed 
heroin ,heroin 
erfuhr ,learned 
gelände ,terrain 
kutsche ,coach 
dummer ,stupider 
homer ,Homer 
stabil ,stable 
ausgeschlossen ,excluded 
out ,out 
draus ,out 
aufgehoben ,lifted 
single ,single 
regisseur ,director 
vielmals ,many times 
dylan ,dylan 
bestand ,existed 
k ,k 
erbe ,heritage 
weggelaufen ,ran away 
jim-bob ,jim bob 
noah ,Noah 
leichte ,light 
zuständig ,responsible 
losgehen ,go off 
long ,long 
hustet ,coughs 
brutal ,brutally 
besprochen ,discussed 
halbes ,half 
bargeld ,cash 
peggy ,Peggy 
action ,action 
zusammenarbeiten ,work together 
beunruhigt ,worried 
achte ,eighth 
innere ,inner 
kanone ,cannon 
eklig ,disgusting 
x ,x 
armes ,poor 
avenue ,avenue 
öffentlich ,public 
nützt ,useful 
marine ,marine 
brillant ,brilliant 
köder ,bait 
gespräche ,conversations 
nähert ,approaches 
vorgehen ,proceed 
kleinigkeit ,trifle 
kissen ,pillow 
manny ,Manny 
geisel ,hostage 
gerecht ,just 
trost ,comfort 
gehasst ,hated 
a. ,a. 
gesorgt ,taken care of 
archer ,archer 
spinner ,spinner 
vergebung ,forgiveness 
vieh ,cattle 
schnelle ,fast 
normales ,normal 
gefesselt ,tied up 
lautes ,loud 
kalte ,cold 
leitet ,directs 
angehen ,tackle 
ekelhaft ,disgusting 
salat ,lettuce 
schicht ,layer 
intelligent ,intelligent 
meg ,meg 
verhältnis ,relationship 
socken ,socks 
brieftasche ,wallet 
holly ,holly 
packt ,packs 
eventuell ,possibly 
nirgendwohin ,nowhere 
methode ,method 
gelangen ,reach 
gespannt ,tense 
vernunft ,reason 
zurückgehen ,go back 
regnet ,raining 
drama ,drama 
entspannt ,relaxed 
wörter ,words 
klingeln ,ring 
ruhige ,quiet 
sprung ,jump 
anständig ,respectable 
gangster ,gangster 
harten ,hard 
aufzeichnungen ,records 
ofen ,oven 
cowboy ,cowboy 
endgültig ,finally 
aufgaben ,tasks 
ruh ,quiet 
deutsch ,German 
neil ,Neil 
wodka ,vodka 
know ,know 
air ,air 
respektieren ,respect 
riskant ,risky 
lohn ,salary 
zuviel ,too much 
zustimmen ,agree 
schnaps ,liquor 
troy ,troy 
stufe ,level 
erleichtert ,relieved 
scheune ,barn 
vanessa ,Vanessa 
klink ,clink 
spaziergang ,stroll 
katherine ,Katherine 
zettel ,note 
kotzen ,puke 
blödmann ,stupid 
hurra ,hurrah 
lana ,lana 
symptome ,symptoms 
vorfahren ,ancestors 
nutzlos ,useless 
shaw ,shaw 
telefonnummer ,phone number 
nochmals ,again 
grey ,grey 
medien ,media 
faul ,lazy 
dient ,serves 
russell ,Russell 
ereignisse ,events 
aussuchen ,choose 
verprügelt ,beaten up 
zweites ,second 
sherlock ,Sherlock 
fabelhaft ,fabulous 
klinge ,blade 
leistung ,perfomance 
beileid ,sympathy 
castle ,castle 
durchführen ,carry out 
mitchell ,Mitchell 
eröffnen ,open 
unschuld ,innocence 
seist ,be 
stoßen ,bump 
palmer ,palmer 
like ,like 
genügend ,enough 
sofa ,sofa 
gestatten ,allow 
gekocht ,cooked 
biest ,beast 
lydia ,lydia 
bräuchte ,would need 
ausgelöst ,triggered 
väter ,fathers 
verarscht ,fooled 
butter ,butter 
nachbarschaft ,neighborhood 
villa ,villa 
data ,data 
goldene ,golden ones 
schließe ,close 
saft ,juice 
begehen ,commit 
hauptquartier ,headquarters 
geschworen ,sworn 
abgenommen ,removed 
werkstatt ,workshop 
überreden ,convince 
nannten ,called 
gemüse ,vegetables 
schläger ,bat 
frisst ,eats 
bewundere ,admire 
geschieden ,divorced 
assistentin ,assistant 
wettbewerb ,competition 
lebten ,lived 
sieger ,winner 
verfassung ,constitution 
küsst ,kisses 
fußball ,football 
geschnitten ,cut 
master ,master 
quietschen ,squeak 
füttern ,feed 
gürtel ,belt 
unschuldigen ,innocent 
menschlich ,human 
eigenartig ,peculiar 
oje ,oh dear 
hanna ,Hanna 
kabel ,cable 
duke ,Duke 
franz ,French 
zahn ,tooth 
landet ,lands 
kisten ,boxes 
liegst ,lie 
mona ,mona 
krankenstation ,hospital ward 
leine ,leash 
beschreibung ,description 
ausmacht ,makes up 
beschädigt ,damaged 
grundstück ,property 
steckte ,stuck 
bahn ,train 
turm ,tower 
mine ,mine 
sauerstoff ,oxygen 
nö ,nope 
angesichts ,given 
ll ,ll 
versager ,failure 
deinetwegen ,because of you 
vic ,vic 
angeklagt ,accused 
aufhört ,stops 
baden ,bathe 
knacken ,crack 
verbindungen ,connections 
panzer ,tank 
marcel ,Marcel 
bach ,Bach 
leiser ,quieter 
stimmengewirr ,babble of voices 
zerstörung ,destruction 
stirn ,forehead 
finn ,finn 
sanft ,soft 
kloster ,monastery 
charmant ,charming 
aufbauen ,build up 
thanksgiving ,thanksgiving 
anlass ,occasion 
zähle ,count 
verlieben ,fall in love 
atmosphäre ,atmosphere 
ronnie ,ronnie 
samantha ,samantha 
leber ,liver 
jener ,that one 
begegnen ,encounter 
dämlich ,stupid 
krawatte ,necktie 
juan ,Juan 
tarnung ,camouflage 
kanada ,Canada 
alpha ,alpha 
baker ,baker 
tabletten ,tablets 
faust ,fist 
auftreten ,appear 
monroe ,monroe 
blatt ,sheet 
gelöscht ,deleted 
dschungel ,jungle 
alison ,Alison 
niedlich ,cute 
c. ,c. 
klage ,suit 
wolltet ,wanted 
jonas ,jonas 
akt ,act 
schießerei ,shoot-out 
anwältin ,lawyer 
überleg ,consider 
frisur ,hairstyle 
spruch ,saying 
jene ,those 
moral ,moral 
angelegenheiten ,matters 
dokumente ,documents 
fröhlich ,cheerful 
spezies ,species 
oktober ,October 
schachtel ,box 
opfers ,victim 
noten ,grades 
ellie ,ellie 
irgendwohin ,somewhere 
nora ,Nora 
brunnen ,spring 
toby ,toby 
sandy ,Sandy 
lampe ,lamp 
craig ,craig 
jagt ,hunts 
eigentum ,property 
diebstahl ,theft 
spenden ,donate 
betrieb ,operation 
gemeinsame ,common 
absurd ,absurd 
gegensatz ,contrast 
frühling ,spring 
dünn ,thin 
ausland ,abroad 
schultern ,shoulder 
entwicklung ,development 
vergehen ,pass away 
ahnen ,guess 
verbessern ,improve 
herzog ,duke 
diskussion ,discussion 
gehalt ,salary 
lemon ,lemon 
freak ,freak 
glocke ,bell 
